,ProductName,Group
128,3M Hangers With Command Adhesive,3M Hangers With Command Adhesive
42,"Tenex Clock, Black",9-3/4 Diameter Round Wall Clock
169,9-3/4 Diameter Round Wall Clock,9-3/4 Diameter Round Wall Clock
252,"Howard Miller 13"" Diameter Pewter Finish Round Wall Clock",9-3/4 Diameter Round Wall Clock
304,"Linden 10"" Round Wall Clock, Black",9-3/4 Diameter Round Wall Clock
120,Acco 6 Outlet Guardian Premium Surge Suppressor,Acco 6 Outlet Guardian Premium Surge Suppressor
14,"Kleencut Ruler, High Speed","Acme Scissors, Easy Grip"
197,"Acme Scissors, Serrated","Acme Scissors, Easy Grip"
168,"Acme Scissors, High Speed","Acme Scissors, Easy Grip"
385,"Stiletto Scissors, Steel","Acme Scissors, Easy Grip"
1,"Acme Trimmer, High Speed","Acme Scissors, Easy Grip"
242,"Stiletto Shears, High Speed","Acme Scissors, Easy Grip"
341,"Acme Box Cutter, High Speed","Acme Scissors, Easy Grip"
198,"Fiskars Trimmer, Serrated","Acme Trimmer, High Speed"
400,"Fiskars Trimmer, Easy Grip","Acme Trimmer, High Speed"
57,"Acme Scissors, Easy Grip","Acme Trimmer, High Speed"
161,"Stiletto Box Cutter, Serrated","Acme Trimmer, High Speed"
383,"Acme Letter Opener, Serrated","Acme Trimmer, High Speed"
264,"Elite Ruler, Serrated","Acme Trimmer, High Speed"
241,"Acme Trimmer, Steel","Acme Trimmer, High Speed"
407,"Fiskars Shears, Easy Grip","Acme Trimmer, High Speed"
228,"Elite Shears, Easy Grip","Acme Trimmer, High Speed"
122,"Adams Telephone Message Book w/Frequently-Called Numbers Space, 400 Messages per Book","Adams Telephone Message Book w/Frequently-Called Numbers Space, 400 Messages per Book"
354,"Enermax Message Books, 8.5 x 11","Adams Telephone Message Book w/Frequently-Called Numbers Space, 400 Messages per Book"
312,"Eaton Message Books, Recycled","Adams Telephone Message Book w/Frequently-Called Numbers Space, 400 Messages per Book"
101,Adtran 1202752G1,Adtran 1202752G1
382,"Tenex Photo Frame, Duo Pack","Advantus Photo Frame, Erganomic"
12,"Advantus Photo Frame, Erganomic","Advantus Photo Frame, Erganomic"
134,"Advantus Staples, Bulk Pack","Advantus Staples, Bulk Pack"
279,Staples,"Advantus Staples, Bulk Pack"
381,"Apple Office Telephone, Full Size","Apple Speaker Phone, with Caller ID"
360,"Samsung Smart Phone, Cordless","Apple Speaker Phone, with Caller ID"
106,"Samsung Audio Dock, VoIP","Apple Speaker Phone, with Caller ID"
327,"Cisco Smart Phone, Full Size","Apple Speaker Phone, with Caller ID"
108,"Apple Speaker Phone, Full Size","Apple Speaker Phone, with Caller ID"
307,"Motorola Headset, Full Size","Apple Speaker Phone, with Caller ID"
77,"Motorola Audio Dock, with Caller ID","Apple Speaker Phone, with Caller ID"
249,"Samsung Speaker Phone, Cordless","Apple Speaker Phone, with Caller ID"
186,"Cisco Audio Dock, Full Size","Apple Speaker Phone, with Caller ID"
331,"Cisco Headset, Full Size","Apple Speaker Phone, with Caller ID"
268,Avery 475,Avery 490
88,Avery 490,Avery 490
261,Avery 513,Avery 513
61,"Binney & Smith Pens, Easy-Erase","BIC Highlighters, Blue"
368,"Stanley Pencil Sharpener, Water Color","BIC Markers, Easy-Erase"
60,"Sanford Pens, Fluorescent","BIC Markers, Easy-Erase"
13,"Binney & Smith Pencil Sharpener, Easy-Erase","BIC Markers, Easy-Erase"
16,"Sanford Pencil Sharpener, Water Color","BIC Markers, Easy-Erase"
243,"Boston Pencil Sharpener, Water Color","BIC Markers, Easy-Erase"
85,"Stanley Markers, Easy-Erase","BIC Markers, Easy-Erase"
139,"BIC Highlighters, Blue","BIC Markers, Easy-Erase"
340,"BIC Canvas, Water Color","BIC Markers, Easy-Erase"
275,"Sanford Highlighters, Blue","BIC Markers, Easy-Erase"
270,Model L Table or Wall-Mount Pencil Sharpener,"BIC Markers, Easy-Erase"
271,"Binney & Smith Highlighters, Blue","BIC Markers, Easy-Erase"
390,"BIC Pencil Sharpener, Easy-Erase","BIC Markers, Easy-Erase"
339,"Boston Highlighters, Water Color","BIC Markers, Easy-Erase"
142,"Sanford Highlighters, Fluorescent","BIC Markers, Easy-Erase"
204,"Boston Pencil Sharpener, Fluorescent","BIC Markers, Easy-Erase"
40,"BIC Markers, Easy-Erase","BIC Markers, Easy-Erase"
112,Boston Heavy-Duty Trimline Electric Pencil Sharpeners,"BIC Markers, Easy-Erase"
126,"Sanford Canvas, Fluorescent","BIC Markers, Easy-Erase"
107,"Sanford Pencil Sharpener, Easy-Erase","BIC Markers, Easy-Erase"
181,"Stanley Pencil Sharpener, Easy-Erase","BIC Markers, Easy-Erase"
200,"BIC Pencil Sharpener, Fluorescent","BIC Markers, Easy-Erase"
76,"Stanley Canvas, Water Color","BIC Markers, Easy-Erase"
300,"Hunt BOSTON Vista Battery-Operated Pencil Sharpener, Black","BIC Markers, Easy-Erase"
342,"Sanford Highlighters, Water Color","BIC Markers, Easy-Erase"
50,"Stanley Canvas, Blue","BIC Markers, Easy-Erase"
356,"Stanley Markers, Water Color","BIC Markers, Easy-Erase"
154,"Stanley Canvas, Easy-Erase","BIC Markers, Easy-Erase"
311,"BIC Markers, Water Color","BIC Markers, Easy-Erase"
259,"Stanley Markers, Fluorescent","BIC Markers, Easy-Erase"
388,"Boston Sketch Pad, Easy-Erase","BIC Sketch Pad, Blue"
35,"BIC Sketch Pad, Blue","BIC Sketch Pad, Blue"
389,Belkin 6 Outlet Metallic Surge Strip,Belkin 6 Outlet Metallic Surge Strip
208,"SanDisk Router, Erganomic","Belkin Keyboard, USB"
15,"Memorex Memory Card, USB","Belkin Keyboard, USB"
45,"Belkin Keyboard, USB","Belkin Keyboard, USB"
218,"Memorex Router, Programmable","Belkin Keyboard, USB"
405,"Belkin Mouse, Erganomic","Belkin Keyboard, USB"
111,"Enermax Mouse, Erganomic","Belkin Keyboard, USB"
263,"Enermax Keyboard, Erganomic","Belkin Keyboard, USB"
25,"Logitech Router, Erganomic","Belkin Keyboard, USB"
82,"Memorex Keyboard, Bluetooth","Belkin Keyboard, USB"
81,"Memorex Memory Card, Erganomic","Belkin Keyboard, USB"
329,Enermax Aurora Lite Keyboard,"Belkin Keyboard, USB"
284,"Belkin Router, Erganomic","Belkin Keyboard, USB"
105,"Enermax Keyboard, Bluetooth","Belkin Keyboard, USB"
386,"Memorex Router, Erganomic","Belkin Keyboard, USB"
165,"Memorex Numeric Keypad, Erganomic","Belkin Keyboard, USB"
34,Bevis Round Conference Room Tables and Bases,Bevis Round Conference Room Tables and Bases
67,"Black Print Carbonless 8 1/2"" x 8 1/4"" Rapid Memo Book","Black Print Carbonless 8 1/2"" x 8 1/4"" Rapid Memo Book"
306,"BlueLounge Milo Smartphone Stand, White/Metallic","BlueLounge Milo Smartphone Stand, White/Metallic"
203,"BOSTON Model 1800 Electric Pencil Sharpeners, Putty/Woodgrain",Boston Heavy-Duty Trimline Electric Pencil Sharpeners
377,Brother DCP1000 Digital 3 in 1 Multifunction Machine,Brother DCP1000 Digital 3 in 1 Multifunction Machine
219,"Brother Fax Machine, Laser","Brother Personal Copier, Laser"
113,"Cardinal Binding Machine, Durable","Brother Personal Copier, Laser"
184,"Epson Inkjet, Wireless","Brother Personal Copier, Laser"
363,"Hewlett Fax and Copier, Laser","Brother Personal Copier, Laser"
333,"Epson Receipt Printer, Wireless","Brother Personal Copier, Laser"
288,"Brother Wireless Fax, Laser","Brother Personal Copier, Laser"
54,"StarTech Receipt Printer, Wireless","Brother Personal Copier, Laser"
335,"HP Fax and Copier, Digital","Brother Personal Copier, Laser"
366,"Canon Personal Copier, Color","Brother Personal Copier, Laser"
56,"Epson Calculator, Durable","Brother Personal Copier, Laser"
231,"Canon Ink, Laser","Brother Personal Copier, Laser"
294,"Hewlett Personal Copier, Digital","Brother Personal Copier, Laser"
255,"Epson Calculator, Wireless","Brother Personal Copier, Laser"
147,"Brother Fax and Copier, Color","Brother Personal Copier, Laser"
397,"Brother Ink, Laser","Brother Personal Copier, Laser"
350,"Canon Wireless Fax, Digital","Brother Personal Copier, Laser"
404,"Epson Phone, Durable","Brother Personal Copier, Laser"
209,"HP Fax and Copier, Color","Brother Personal Copier, Laser"
387,"Epson Phone, Wireless","Brother Personal Copier, Laser"
6,"Brother Personal Copier, Laser","Brother Personal Copier, Laser"
196,"Avery Binding Machine, Durable","Brother Personal Copier, Laser"
325,"Hewlett Copy Machine, Color","Canon Copy Machine, Color"
222,"Canon Copy Machine, Color","Canon Copy Machine, Color"
144,Cardinal Holdit Business Card Pockets,Cardinal Holdit Business Card Pockets
224,"Carina Mini System Audio Rack, Model AR050B","Carina Mini System Audio Rack, Model AR050B"
287,"Bevis Computer Table, Adjustable Height","Chromcraft Computer Table, Fully Assembled"
395,"Lesro Wood Table, Adjustable Height","Chromcraft Computer Table, Fully Assembled"
138,"Chromcraft Computer Table, Fully Assembled","Chromcraft Computer Table, Fully Assembled"
328,"Bevis Computer Table, Fully Assembled","Chromcraft Computer Table, Fully Assembled"
223,Cisco IP Phone 7961G VoIP phone - Dark gray,Cisco IP Phone 7961G VoIP phone - Dark gray
379,"Cisco Signal Booster, Cordless","Cisco Signal Booster, Full Size"
46,"Cisco Signal Booster, Full Size","Cisco Signal Booster, Full Size"
73,"Apple Signal Booster, Full Size","Cisco Signal Booster, Full Size"
39,"Apple Speaker Phone, with Caller ID","Cisco Signal Booster, Full Size"
324,"Motorola Signal Booster, Cordless","Cisco Signal Booster, Full Size"
217,ClearOne CHATAttach 160 - speaker phone,ClearOne CHATAttach 160 - speaker phone
53,DAX Black Cherry Wood-Tone Poster Frame,DAX Black Cherry Wood-Tone Poster Frame
225,"Bush Library with Doors, Traditional","Dania Library with Doors, Metal"
160,"Safco Library with Doors, Traditional","Dania Library with Doors, Metal"
103,"Dania Library with Doors, Metal","Dania Library with Doors, Metal"
330,"Ikea Library with Doors, Pine","Dania Library with Doors, Metal"
187,"Xerox Computer Printout Paper, 8.5 x 11","Eaton Computer Printout Paper, 8.5 x 11"
5,"Eaton Computer Printout Paper, 8.5 x 11","Eaton Computer Printout Paper, 8.5 x 11"
164,"Tenex Door Stop, Erganomic","Eldon Door Stop, Erganomic"
319,"Master Caster Door Stop, Brown","Eldon Door Stop, Erganomic"
192,"Deflect-O Door Stop, Black","Eldon Door Stop, Erganomic"
143,"Eldon Door Stop, Erganomic","Eldon Door Stop, Erganomic"
302,"SanDisk Mouse, Bluetooth","Enermax Mouse, Erganomic"
220,"Enermax Router, Bluetooth","Enermax Mouse, Erganomic"
178,"Enermax Mouse, Bluetooth","Enermax Mouse, Erganomic"
338,"Logitech Numeric Keypad, Erganomic","Enermax Mouse, Erganomic"
102,"Enermax Numeric Keypad, Bluetooth","Enermax Mouse, Erganomic"
403,"Belkin Router, Bluetooth","Enermax Mouse, Erganomic"
118,"Enermax Numeric Keypad, Erganomic","Enermax Mouse, Erganomic"
303,"Eaton Note Cards, 8.5 x 11","Enermax Note Cards, Premium"
3,"Enermax Note Cards, Premium","Enermax Note Cards, Premium"
343,"Xerox Note Cards, Premium","Enermax Note Cards, Premium"
254,"Eaton Note Cards, Premium","Enermax Note Cards, Premium"
256,"Panasonic Calculator, Red","Epson Calculator, Durable"
230,"StarTech Calculator, Red","Epson Calculator, Durable"
322,"Okidata Inkjet, Wireless","Epson Inkjet, Wireless"
364,Euro-Pro Shark Turbo Vacuum,Euro-Pro Shark Turbo Vacuum
52,Fellowes Bankers Box Recycled Super Stor/Drawer,Fellowes Bankers Box Recycled Super Stor/Drawer
247,Fellowes Superior 10 Outlet Split Surge Protector,Fellowes Superior 10 Outlet Split Surge Protector
305,"Floodlight Indoor Halogen Bulbs, 1 Bulb per Pack, 60 Watts","Floodlight Indoor Halogen Bulbs, 1 Bulb per Pack, 60 Watts"
133,"GBC Clear Cover, 8-1/2 x 11, unpunched, 25 covers per pack","GBC Clear Cover, 8-1/2 x 11, unpunched, 25 covers per pack"
276,GBC Standard Therm-A-Bind Covers,GBC Standard Therm-A-Bind Covers
32,Global Deluxe High-Back Manager's Chair,Global Deluxe High-Back Manager's Chair
19,"GlobeWeis Peel and Seal, Set of 50","GlobeWeis Peel and Seal, Set of 50"
213,"Ames Peel and Seal, Set of 50","GlobeWeis Peel and Seal, Set of 50"
130,"Kraft Interoffice Envelope, with clear poly window","GlobeWeis Peel and Seal, Set of 50"
295,"Kraft Peel and Seal, Recycled","GlobeWeis Peel and Seal, Set of 50"
123,"Kraft Clasp Envelope, with clear poly window","GlobeWeis Peel and Seal, Set of 50"
159,"Ames Peel and Seal, Recycled","GlobeWeis Peel and Seal, Set of 50"
44,"Kraft Peel and Seal, Security-Tint","GlobeWeis Peel and Seal, Set of 50"
253,"Jiffy Peel and Seal, with clear poly window","GlobeWeis Peel and Seal, Set of 50"
110,"Cameo Peel and Seal, Security-Tint","GlobeWeis Peel and Seal, Set of 50"
286,Hon 4070 Series Pagoda Round Back Stacking Chairs,Hon 4070 Series Pagoda Round Back Stacking Chairs
285,Hon Multipurpose Stacking Arm Chairs,Hon Multipurpose Stacking Arm Chairs
205,"Avery Round Labels, Laser Printer Compatible","Hon Round Labels, Laser Printer Compatible"
68,"Hon Round Labels, Laser Printer Compatible","Hon Round Labels, Laser Printer Compatible"
296,"SAFCO Bag Chairs, Set of Two","Hon Swivel Stool, Red"
191,"SAFCO Executive Leather Armchair, Adjustable","Hon Swivel Stool, Red"
269,"Harbour Creations File Folder Labels, Adjustable","Hon Swivel Stool, Red"
314,"Hon Bag Chairs, Black","Hon Swivel Stool, Red"
267,"Avery Shipping Labels, Laser Printer Compatible","Hon Swivel Stool, Red"
299,"Hon Shipping Labels, Laser Printer Compatible","Hon Swivel Stool, Red"
188,"Harbour Creations Executive Leather Armchair, Black","Hon Swivel Stool, Red"
321,"Smead Shipping Labels, Adjustable","Hon Swivel Stool, Red"
318,"Avery Shipping Labels, Alphabetical","Hon Swivel Stool, Red"
309,"Avery Shipping Labels, 5000 Label Set","Hon Swivel Stool, Red"
206,"Hon Round Labels, Adjustable","Hon Swivel Stool, Red"
373,"Harbour Creations Shipping Labels, Adjustable","Hon Swivel Stool, Red"
18,"Smead File Folder Labels, Adjustable","Hon Swivel Stool, Red"
121,"Harbour Creations Steel Folding Chair, Red","Hon Swivel Stool, Red"
36,Harbour Creations Steel Folding Chair,"Hon Swivel Stool, Red"
98,"Harbour Creations Swivel Stool, Black","Hon Swivel Stool, Red"
96,"Avery Round Labels, Adjustable","Hon Swivel Stool, Red"
370,"Harbour Creations Round Labels, 5000 Label Set","Hon Swivel Stool, Red"
401,"Office Star Rocking Chair, Set of Two","Hon Swivel Stool, Red"
398,"Hon Swivel Stool, Black","Hon Swivel Stool, Red"
332,"Novimex Executive Leather Armchair, Black","Hon Swivel Stool, Red"
375,"SAFCO Executive Leather Armchair, Black","Hon Swivel Stool, Red"
384,"Hon Rocking Chair, Red","Hon Swivel Stool, Red"
65,"Novimex Bag Chairs, Adjustable","Hon Swivel Stool, Red"
64,"Hon Shipping Labels, 5000 Label Set","Hon Swivel Stool, Red"
391,"Harbour Creations Shipping Labels, 5000 Label Set","Hon Swivel Stool, Red"
28,"Harbour Creations Bag Chairs, Red","Hon Swivel Stool, Red"
29,"Office Star Rocking Chair, Red","Hon Swivel Stool, Red"
43,"Hon Swivel Stool, Red","Hon Swivel Stool, Red"
349,"Harbour Creations Steel Folding Chair, Black","Hon Swivel Stool, Red"
348,"Office Star Executive Leather Armchair, Black","Hon Swivel Stool, Red"
37,"Hon Steel Folding Chair, Red","Hon Swivel Stool, Red"
150,"SAFCO Executive Leather Armchair, Red","Hon Swivel Stool, Red"
344,"Avery Color Coded Labels, 5000 Label Set","Hon Swivel Stool, Red"
180,"Harbour Creations Round Labels, Alphabetical","Hon Swivel Stool, Red"
151,"Harbour Creations Steel Folding Chair, Set of Two","Hon Swivel Stool, Red"
149,"Office Star Executive Leather Armchair, Adjustable","Hon Swivel Stool, Red"
177,"Avery Legal Exhibit Labels, 5000 Label Set","Hon Swivel Stool, Red"
334,"SAFCO Steel Folding Chair, Black","Hon Swivel Stool, Red"
100,Honeywell Enviracaire Portable HEPA Air Cleaner for 17' x 22' Room,Honeywell Enviracaire Portable HEPA Air Cleaner for 17' x 22' Room
167,Honeywell Quietcare HEPA Air Cleaner,Honeywell Enviracaire Portable HEPA Air Cleaner for 17' x 22' Room
378,"Hoover Microwave, Red","Hoover Toaster, Silver"
79,"Cuisinart Toaster, Red","Hoover Toaster, Silver"
155,"Cuisinart Microwave, Silver","Hoover Toaster, Silver"
71,"Hoover Toaster, Silver","Hoover Toaster, Silver"
408,"Hoover Toaster, Red","Hoover Toaster, Silver"
212,"Cuisinart Blender, Black","Hoover Toaster, Silver"
396,"Hot File 7-Pocket, Floor Stand","Hot File 7-Pocket, Floor Stand"
352,Hypercom P1300 Pinpad,Hypercom P1300 Pinpad
347,"Ikea 3-Shelf Cabinet, Pine","Ikea 3-Shelf Cabinet, Metal"
75,"Ikea 3-Shelf Cabinet, Metal","Ikea 3-Shelf Cabinet, Metal"
297,"Ikea Stackable Bookrack, Mobile","Ikea Stackable Bookrack, Mobile"
394,"Sauder Stackable Bookrack, Pine","Ikea Stackable Bookrack, Mobile"
323,"Safco Stackable Bookrack, Pine","Ikea Stackable Bookrack, Mobile"
170,"SanDisk Memory Card, Erganomic","Jiffy Clasp Envelope, Recycled"
246,"Eaton Cards & Envelopes, 8.5 x 11","Jiffy Clasp Envelope, Recycled"
174,"Xerox Memo Slips, Multicolor","Jiffy Clasp Envelope, Recycled"
409,"Eaton Cards & Envelopes, Recycled","Jiffy Clasp Envelope, Recycled"
337,"SanDisk Memo Slips, Multicolor","Jiffy Clasp Envelope, Recycled"
104,"SanDisk Memory Card, Bluetooth","Jiffy Clasp Envelope, Recycled"
97,"Jiffy Clasp Envelope, Recycled","Jiffy Clasp Envelope, Recycled"
141,"Xerox Cards & Envelopes, Multicolor","Jiffy Clasp Envelope, Recycled"
125,"Kraft Manila Envelope, Recycled","Jiffy Clasp Envelope, Recycled"
234,"Jiffy Business Envelopes, Recycled","Jiffy Clasp Envelope, Recycled"
233,Kensington 7 Outlet MasterPiece Power Center,Kensington 7 Outlet MasterPiece Power Center
193,"Breville Coffee Grinder, Silver","KitchenAid Coffee Grinder, Red"
358,"KitchenAid Stove, Black","KitchenAid Coffee Grinder, Red"
393,"KitchenAid Stove, Red","KitchenAid Coffee Grinder, Red"
11,"Hamilton Beach Refrigerator, Silver","KitchenAid Coffee Grinder, Red"
26,"Hamilton Beach Toaster, Black","KitchenAid Coffee Grinder, Red"
10,"KitchenAid Coffee Grinder, Red","KitchenAid Coffee Grinder, Red"
157,"Hoover Coffee Grinder, White","KitchenAid Coffee Grinder, Red"
232,"KitchenAid Coffee Grinder, Silver","KitchenAid Coffee Grinder, Red"
376,"KitchenAid Refrigerator, Silver","KitchenAid Coffee Grinder, Red"
136,"Lesro Round Table, Rectangular","Lesro Round Table, Rectangular"
406,"Barricks Training Table, Rectangular","Lesro Round Table, Rectangular"
365,Luxo Adjustable Task Clamp Lamp,Luxo Adjustable Task Clamp Lamp
273,"Master Big Foot Doorstop, Beige","Master Big Foot Doorstop, Beige"
402,Mophie Juice Pack Helium for iPhone,Mophie Juice Pack Helium for iPhone
359,Motorola Droid Maxx,Motorola Droid Maxx
250,"Multi-Use Personal File Cart and Caster Set, Three Stacking Bins","Multi-Use Personal File Cart and Caster Set, Three Stacking Bins"
278,Newell 320,Newell 320
251,"Novimex Chairmat, Adjustable","Novimex Chairmat, Red"
83,"Novimex Chairmat, Red","Novimex Chairmat, Red"
236,"Novimex Chairmat, Black","Novimex Chairmat, Red"
27,Novimex Swivel Fabric Task Chair,Novimex Swivel Fabric Task Chair
280,"OIC #2 Pencils, Medium Soft","OIC #2 Pencils, Medium Soft"
277,"Stockwell Push Pins, Assorted Sizes","OIC Push Pins, Assorted Sizes"
182,"Acco Clips to Go Binder Clips, 24 Clips in Two Sizes","OIC Push Pins, Assorted Sizes"
310,"Advantus Rubber Bands, Assorted Sizes","OIC Push Pins, Assorted Sizes"
214,"OIC Rubber Bands, 12 Pack","OIC Push Pins, Assorted Sizes"
216,Sterling Rubber Bands by Alliance,"OIC Push Pins, Assorted Sizes"
132,"Stockwell Thumb Tacks, Assorted Sizes","OIC Push Pins, Assorted Sizes"
316,"OIC Paper Clips, 12 Pack","OIC Push Pins, Assorted Sizes"
176,"Advantus Paper Clips, Metal","OIC Push Pins, Assorted Sizes"
158,"Accos Paper Clips, Assorted Sizes","OIC Push Pins, Assorted Sizes"
63,"OIC Push Pins, Assorted Sizes","OIC Push Pins, Assorted Sizes"
392,"Stockwell Push Pins, 12 Pack","OIC Push Pins, Assorted Sizes"
283,Office Star - Professional Matrix Back Chair with 2-to-1 Synchro Tilt and Mesh Fabric Seat,Office Star - Professional Matrix Back Chair with 2-to-1 Synchro Tilt and Mesh Fabric Seat
148,"Konica Card Printer, Red","Panasonic Receipt Printer, White"
235,"Okidata Printer, White","Panasonic Receipt Printer, White"
41,"Konica Printer, White","Panasonic Receipt Printer, White"
31,"Panasonic Receipt Printer, White","Panasonic Receipt Printer, White"
336,"Konica Phone, White","Panasonic Receipt Printer, White"
362,"Okidata Card Printer, White","Panasonic Receipt Printer, White"
262,Plantronics Voyager Pro HD - Bluetooth Headset,Plantronics Voyager Pro HD - Bluetooth Headset
66,Plymouth Boxed Rubber Bands by Plymouth,Plymouth Boxed Rubber Bands by Plymouth
49,Recycled Steel Personal File for Hanging File Folders,Recycled Steel Personal File for Hanging File Folders
91,Rogers Profile Extra Capacity Storage Tub,Rogers Profile Extra Capacity Storage Tub
298,"Deflect-O Frame, Black","Rubbermaid Stacking Tray, Durable"
308,"Rubbermaid Light Bulb, Black","Rubbermaid Stacking Tray, Durable"
345,"Rubbermaid Light Bulb, Duo Pack","Rubbermaid Stacking Tray, Durable"
291,"Rubbermaid Frame, Black","Rubbermaid Stacking Tray, Durable"
412,"Tenex Stacking Tray, Durable","Rubbermaid Stacking Tray, Durable"
4,"Eldon Light Bulb, Duo Pack","Rubbermaid Stacking Tray, Durable"
86,"Rubbermaid Stacking Tray, Durable","Rubbermaid Stacking Tray, Durable"
227,"Dania Floating Shelf Set, Traditional","Safco Classic Bookcase, Traditional"
292,"Sauder Corner Shelving, Traditional","Safco Classic Bookcase, Traditional"
190,"Sauder Classic Bookcase, Metal","Safco Classic Bookcase, Traditional"
346,"Ikea Corner Shelving, Traditional","Safco Classic Bookcase, Traditional"
140,"Bush Floating Shelf Set, Mobile","Safco Classic Bookcase, Traditional"
99,"Ikea Classic Bookcase, Traditional","Safco Classic Bookcase, Traditional"
24,"Safco Classic Bookcase, Traditional","Safco Classic Bookcase, Traditional"
47,"Safco Floating Shelf Set, Traditional","Safco Classic Bookcase, Traditional"
117,Safco Steel Mobile File Cart,Safco Steel Mobile File Cart
152,"Belkin Flash Drive, Programmable","SanDisk Flash Drive, Programmable"
80,"SanDisk Flash Drive, Programmable","SanDisk Flash Drive, Programmable"
248,"Enermax Mouse, Programmable","SanDisk Flash Drive, Programmable"
72,Sannysis Cute Owl Design Soft Skin Case Cover for Samsung Galaxy S4,Sannysis Cute Owl Design Soft Skin Case Cover for Samsung Galaxy S4
7,"Sauder Facets Collection Library, Sky Alder Finish","Sauder Facets Collection Library, Sky Alder Finish"
179,Self-Adhesive Address Labels for Typewriters by Universal,Self-Adhesive Address Labels for Typewriters by Universal
290,Sharp 1540cs Digital Laser Copier,Sharp 1540cs Digital Laser Copier
33,"Sharp Fax Machine, High-Speed","Sharp Fax Machine, High-Speed"
380,"HP Ink, Color","Sharp Fax Machine, High-Speed"
361,"HP Ink, High-Speed","Sharp Fax Machine, High-Speed"
51,"Fellowes Folders, Blue","Tenex Box, Single Width"
156,"Tenex Shelving, Industrial","Tenex Box, Single Width"
153,"Rogers Shelving, Single Width","Tenex Box, Single Width"
410,"Eldon Trays, Wire Frame","Tenex Box, Single Width"
2,"Tenex Box, Single Width","Tenex Box, Single Width"
8,"Fellowes Lockers, Wire Frame","Tenex Box, Single Width"
9,"Tenex Trays, Single Width","Tenex Box, Single Width"
119,"Smead Trays, Blue","Tenex Box, Single Width"
23,"Fellowes File Cart, Industrial","Tenex Box, Single Width"
115,"Eldon Shelving, Blue","Tenex Box, Single Width"
109,"Fellowes File Cart, Wire Frame","Tenex Box, Single Width"
399,"Tenex File Cart, Blue","Tenex Box, Single Width"
89,"Rogers Box, Wire Frame","Tenex Box, Single Width"
87,"Smead Folders, Single Width","Tenex Box, Single Width"
30,"Fellowes Lockers, Single Width","Tenex Box, Single Width"
84,"Rogers Trays, Wire Frame","Tenex Box, Single Width"
38,"Fellowes Shelving, Single Width","Tenex Box, Single Width"
163,"Eldon File Cart, Industrial","Tenex Box, Single Width"
70,"Tenex Box, Wire Frame","Tenex Box, Single Width"
62,"Fellowes Shelving, Wire Frame","Tenex Box, Single Width"
59,"Eldon Box, Single Width","Tenex Box, Single Width"
48,"Smead Shelving, Single Width","Tenex Box, Single Width"
351,"Rogers Lockers, Wire Frame","Tenex Box, Single Width"
0,"Tenex Lockers, Blue","Tenex Box, Single Width"
245,"Rogers Folders, Industrial","Tenex Box, Single Width"
221,"Rogers File Cart, Single Width","Tenex Box, Single Width"
229,"Fellowes Lockers, Industrial","Tenex Box, Single Width"
237,"Fellowes File Cart, Blue","Tenex Box, Single Width"
238,"Tenex Lockers, Single Width","Tenex Box, Single Width"
201,"Rogers Box, Single Width","Tenex Box, Single Width"
240,"Smead File Cart, Single Width","Tenex Box, Single Width"
244,"Smead Shelving, Blue","Tenex Box, Single Width"
301,"Fellowes Shelving, Industrial","Tenex Box, Single Width"
260,"Rogers Trays, Blue","Tenex Box, Single Width"
326,"Eldon File Cart, Blue","Tenex Box, Single Width"
211,"Eldon Folders, Industrial","Tenex Box, Single Width"
183,"Fellowes Box, Single Width","Tenex Box, Single Width"
293,"Eldon Shelving, Single Width","Tenex Box, Single Width"
194,"Tenex Folders, Single Width","Tenex Box, Single Width"
281,"Smead Box, Wire Frame","Tenex Box, Single Width"
185,"Eldon File Cart, Single Width","Tenex Box, Single Width"
317,Ultra Door Push Plate,Ultra Door Push Plate
189,WD My Passport Ultra 2TB Portable External Hard Drive,WD My Passport Ultra 2TB Portable External Hard Drive
282,Acco Economy Flexible Poly Round Ring Binder,Wilson Jones Heavy-Duty Casebound Ring Binders with Metal Hinges
171,Wilson Jones data.warehouse D-Ring Binders with DublLock,Wilson Jones Heavy-Duty Casebound Ring Binders with Metal Hinges
95,Zipper Ring Binder Pockets,Wilson Jones Heavy-Duty Casebound Ring Binders with Metal Hinges
207,Prestige Round Ring Binders,Wilson Jones Heavy-Duty Casebound Ring Binders with Metal Hinges
114,Wilson Jones Heavy-Duty Casebound Ring Binders with Metal Hinges,Wilson Jones Heavy-Duty Casebound Ring Binders with Metal Hinges
74,"Wilson Jones Binding Machine, Recycled","Wilson Jones Hole Reinforcements, Economy"
78,"Cardinal Binding Machine, Clear","Wilson Jones Hole Reinforcements, Economy"
226,"Avery Binding Machine, Recycled","Wilson Jones Hole Reinforcements, Economy"
69,"Ibico Index Tab, Clear","Wilson Jones Hole Reinforcements, Economy"
315,"Cardinal Binder, Clear","Wilson Jones Hole Reinforcements, Economy"
21,"Avery Hole Reinforcements, Durable","Wilson Jones Hole Reinforcements, Economy"
55,"Acco 3-Hole Punch, Recycled","Wilson Jones Hole Reinforcements, Economy"
239,"Acco Binding Machine, Economy","Wilson Jones Hole Reinforcements, Economy"
215,"Ibico Hole Reinforcements, Clear","Wilson Jones Hole Reinforcements, Economy"
257,"Cardinal 3-Hole Punch, Recycled","Wilson Jones Hole Reinforcements, Economy"
258,"Wilson Jones 3-Hole Punch, Clear","Wilson Jones Hole Reinforcements, Economy"
272,"Avery 3-Hole Punch, Recycled","Wilson Jones Hole Reinforcements, Economy"
17,"Wilson Jones Hole Reinforcements, Economy","Wilson Jones Hole Reinforcements, Economy"
265,"Avery Hole Reinforcements, Recycled","Wilson Jones Hole Reinforcements, Economy"
22,"Wilson Jones Hole Reinforcements, Clear","Wilson Jones Hole Reinforcements, Economy"
20,"Acco Hole Reinforcements, Recycled","Wilson Jones Hole Reinforcements, Economy"
173,"Ibico 3-Hole Punch, Clear","Wilson Jones Hole Reinforcements, Economy"
289,"Acco Binding Machine, Recycled","Wilson Jones Hole Reinforcements, Economy"
92,"Cardinal Hole Reinforcements, Durable","Wilson Jones Hole Reinforcements, Economy"
172,"Cardinal Binder Covers, Economy","Wilson Jones Hole Reinforcements, Economy"
162,"Cardinal Binding Machine, Recycled","Wilson Jones Hole Reinforcements, Economy"
146,Avery Durable Binders,"Wilson Jones Hole Reinforcements, Economy"
145,"Acco Index Tab, Clear","Wilson Jones Hole Reinforcements, Economy"
199,"Ibico Index Tab, Durable","Wilson Jones Hole Reinforcements, Economy"
135,"Ibico Hole Reinforcements, Economy","Wilson Jones Hole Reinforcements, Economy"
131,"Avery Binder Covers, Economy","Wilson Jones Hole Reinforcements, Economy"
353,"Acco Binder Covers, Durable","Wilson Jones Hole Reinforcements, Economy"
90,"Cardinal Hole Reinforcements, Economy","Wilson Jones Hole Reinforcements, Economy"
124,"Wilson Jones Index Tab, Durable","Wilson Jones Hole Reinforcements, Economy"
202,Wilson Jones Hanging Recycled Pressboard Data Binders,"Wilson Jones Hole Reinforcements, Economy"
411,"Ibico Binder Covers, Recycled","Wilson Jones Hole Reinforcements, Economy"
127,"Wilson Jones 3-Hole Punch, Economy","Wilson Jones Hole Reinforcements, Economy"
116,"Cardinal 3-Hole Punch, Economy","Wilson Jones Hole Reinforcements, Economy"
175,"Avery Binder, Recycled","Wilson Jones Hole Reinforcements, Economy"
93,"Cardinal Binder Covers, Clear","Wilson Jones Hole Reinforcements, Economy"
369,"Ames Mailers, Recycled","Wilson Jones Hole Reinforcements, Economy"
94,"Pressboard Data Binder, Crimson, 12"" X 8 1/2""","Wilson Jones Hole Reinforcements, Economy"
320,"Ibico Binder Covers, Clear","Wilson Jones Hole Reinforcements, Economy"
210,"Ibico Binding Machine, Recycled","Wilson Jones Hole Reinforcements, Economy"
137,Wilson SignalBoost 841262 DB PRO Amplifier Kit,Wilson SignalBoost 841262 DB PRO Amplifier Kit
371,Xerox 1947,Xerox 1916
266,Xerox 1934,Xerox 1916
372,Xerox 1990,Xerox 1916
357,Xerox 1971,Xerox 1916
166,Xerox 1916,Xerox 1916
374,Xerox 1898,Xerox 1916
129,Xerox 205,Xerox 205
313,Xerox 214,Xerox 205
195,Xerox 216,Xerox 205
367,"SanDisk Parchment Paper, Recycled","Xerox Parchment Paper, Premium"
58,"Xerox Parchment Paper, Premium","Xerox Parchment Paper, Premium"
274,Southworth Parchment Paper & Envelopes,"Xerox Parchment Paper, Premium"
355,"Array Parchment Paper, Assorted Colors","Xerox Parchment Paper, Premium"
