Customer_ID,Password
1,SuperStore
2,SuperStore
4,SuperStore
5,SuperStore
6,SuperStore
7,SuperStore
8,SuperStore
9,SuperStore
10,SuperStore
11,SuperStore
12,SuperStore
14,SuperStore
15,SuperStore
16,SuperStore
17,SuperStore
18,SuperStore
19,SuperStore
20,SuperStore
22,SuperStore
24,SuperStore
25,SuperStore
27,SuperStore
28,SuperStore
29,SuperStore
30,SuperStore
32,SuperStore
33,SuperStore
34,SuperStore
35,SuperStore
36,SuperStore
37,SuperStore
38,SuperStore
39,SuperStore
40,SuperStore
41,SuperStore
43,SuperStore
44,SuperStore
46,SuperStore
47,SuperStore
48,SuperStore
49,SuperStore
50,SuperStore
51,SuperStore
52,SuperStore
53,SuperStore
54,SuperStore
55,SuperStore
56,SuperStore
58,SuperStore
59,SuperStore
60,SuperStore
61,SuperStore
62,SuperStore
63,SuperStore
64,SuperStore
65,SuperStore
66,SuperStore
67,SuperStore
68,SuperStore
69,SuperStore
70,SuperStore
71,SuperStore
72,SuperStore
73,SuperStore
74,SuperStore
75,SuperStore
76,SuperStore
77,SuperStore
79,SuperStore
80,SuperStore
81,SuperStore
82,SuperStore
83,SuperStore
84,SuperStore
85,SuperStore
86,SuperStore
87,SuperStore
88,SuperStore
89,SuperStore
90,SuperStore
91,SuperStore
93,SuperStore
94,SuperStore
95,SuperStore
96,SuperStore
97,SuperStore
98,SuperStore
99,SuperStore
100,SuperStore
101,SuperStore
103,SuperStore
104,SuperStore
105,SuperStore
106,SuperStore
107,SuperStore
108,SuperStore
109,SuperStore
110,SuperStore
111,SuperStore
112,SuperStore
113,SuperStore
114,SuperStore
115,SuperStore
116,SuperStore
117,SuperStore
118,SuperStore
119,SuperStore
120,SuperStore
121,SuperStore
122,SuperStore
123,SuperStore
124,SuperStore
125,SuperStore
126,SuperStore
127,SuperStore
128,SuperStore
129,SuperStore
131,SuperStore
132,SuperStore
133,SuperStore
134,SuperStore
135,SuperStore
137,SuperStore
138,SuperStore
139,SuperStore
140,SuperStore
141,SuperStore
142,SuperStore
144,SuperStore
145,SuperStore
146,SuperStore
147,SuperStore
148,SuperStore
149,SuperStore
150,SuperStore
151,SuperStore
152,SuperStore
153,SuperStore
155,SuperStore
156,SuperStore
157,SuperStore
158,SuperStore
159,SuperStore
160,SuperStore
161,SuperStore
162,SuperStore
163,SuperStore
164,SuperStore
166,SuperStore
167,SuperStore
168,SuperStore
169,SuperStore
170,SuperStore
171,SuperStore
172,SuperStore
173,SuperStore
174,SuperStore
175,SuperStore
176,SuperStore
177,SuperStore
178,SuperStore
179,SuperStore
180,SuperStore
181,SuperStore
182,SuperStore
184,SuperStore
185,SuperStore
186,SuperStore
187,SuperStore
188,SuperStore
189,SuperStore
190,SuperStore
191,SuperStore
192,SuperStore
193,SuperStore
194,SuperStore
195,SuperStore
196,SuperStore
197,SuperStore
198,SuperStore
199,SuperStore
200,SuperStore
201,SuperStore
202,SuperStore
203,SuperStore
204,SuperStore
205,SuperStore
206,SuperStore
207,SuperStore
209,SuperStore
210,SuperStore
211,SuperStore
212,SuperStore
213,SuperStore
215,SuperStore
217,SuperStore
218,SuperStore
219,SuperStore
221,SuperStore
222,SuperStore
223,SuperStore
224,SuperStore
225,SuperStore
227,SuperStore
228,SuperStore
229,SuperStore
230,SuperStore
231,SuperStore
232,SuperStore
234,SuperStore
235,SuperStore
236,SuperStore
237,SuperStore
238,SuperStore
240,SuperStore
241,SuperStore
242,SuperStore
244,SuperStore
245,SuperStore
246,SuperStore
247,SuperStore
248,SuperStore
249,SuperStore
250,SuperStore
251,SuperStore
252,SuperStore
253,SuperStore
254,SuperStore
255,SuperStore
256,SuperStore
257,SuperStore
259,SuperStore
260,SuperStore
261,SuperStore
262,SuperStore
264,SuperStore
265,SuperStore
266,SuperStore
267,SuperStore
269,SuperStore
270,SuperStore
271,SuperStore
272,SuperStore
273,SuperStore
274,SuperStore
275,SuperStore
276,SuperStore
277,SuperStore
279,SuperStore
280,SuperStore
281,SuperStore
282,SuperStore
283,SuperStore
284,SuperStore
286,SuperStore
287,SuperStore
289,SuperStore
290,SuperStore
291,SuperStore
292,SuperStore
293,SuperStore
294,SuperStore
295,SuperStore
296,SuperStore
297,SuperStore
298,SuperStore
299,SuperStore
301,SuperStore
302,SuperStore
303,SuperStore
306,SuperStore
307,SuperStore
308,SuperStore
309,SuperStore
310,SuperStore
311,SuperStore
312,SuperStore
313,SuperStore
314,SuperStore
316,SuperStore
317,SuperStore
318,SuperStore
319,SuperStore
320,SuperStore
321,SuperStore
322,SuperStore
323,SuperStore
324,SuperStore
325,SuperStore
326,SuperStore
329,SuperStore
330,SuperStore
331,SuperStore
332,SuperStore
334,SuperStore
335,SuperStore
336,SuperStore
337,SuperStore
338,SuperStore
339,SuperStore
340,SuperStore
341,SuperStore
342,SuperStore
343,SuperStore
344,SuperStore
346,SuperStore
347,SuperStore
348,SuperStore
349,SuperStore
350,SuperStore
352,SuperStore
353,SuperStore
354,SuperStore
355,SuperStore
356,SuperStore
357,SuperStore
358,SuperStore
359,SuperStore
360,SuperStore
361,SuperStore
362,SuperStore
363,SuperStore
364,SuperStore
365,SuperStore
366,SuperStore
367,SuperStore
368,SuperStore
369,SuperStore
370,SuperStore
371,SuperStore
372,SuperStore
373,SuperStore
374,SuperStore
375,SuperStore
376,SuperStore
377,SuperStore
378,SuperStore
379,SuperStore
380,SuperStore
381,SuperStore
382,SuperStore
383,SuperStore
384,SuperStore
386,SuperStore
387,SuperStore
388,SuperStore
389,SuperStore
390,SuperStore
391,SuperStore
392,SuperStore
395,SuperStore
397,SuperStore
398,SuperStore
400,SuperStore
401,SuperStore
403,SuperStore
404,SuperStore
407,SuperStore
408,SuperStore
410,SuperStore
411,SuperStore
412,SuperStore
413,SuperStore
414,SuperStore
415,SuperStore
416,SuperStore
417,SuperStore
418,SuperStore
419,SuperStore
420,SuperStore
421,SuperStore
422,SuperStore
423,SuperStore
425,SuperStore
426,SuperStore
427,SuperStore
428,SuperStore
429,SuperStore
430,SuperStore
431,SuperStore
432,SuperStore
433,SuperStore
434,SuperStore
435,SuperStore
436,SuperStore
438,SuperStore
439,SuperStore
440,SuperStore
442,SuperStore
443,SuperStore
445,SuperStore
446,SuperStore
447,SuperStore
450,SuperStore
451,SuperStore
452,SuperStore
453,SuperStore
454,SuperStore
455,SuperStore
456,SuperStore
457,SuperStore
459,SuperStore
460,SuperStore
461,SuperStore
462,SuperStore
463,SuperStore
464,SuperStore
465,SuperStore
466,SuperStore
467,SuperStore
468,SuperStore
469,SuperStore
470,SuperStore
471,SuperStore
472,SuperStore
474,SuperStore
475,SuperStore
476,SuperStore
477,SuperStore
478,SuperStore
479,SuperStore
480,SuperStore
481,SuperStore
482,SuperStore
483,SuperStore
485,SuperStore
487,SuperStore
488,SuperStore
489,SuperStore
490,SuperStore
491,SuperStore
492,SuperStore
493,SuperStore
494,SuperStore
495,SuperStore
496,SuperStore
498,SuperStore
499,SuperStore
500,SuperStore
501,SuperStore
502,SuperStore
503,SuperStore
504,SuperStore
505,SuperStore
506,SuperStore
507,SuperStore
509,SuperStore
510,SuperStore
511,SuperStore
512,SuperStore
513,SuperStore
514,SuperStore
515,SuperStore
516,SuperStore
517,SuperStore
518,SuperStore
519,SuperStore
521,SuperStore
522,SuperStore
523,SuperStore
524,SuperStore
525,SuperStore
526,SuperStore
527,SuperStore
528,SuperStore
529,SuperStore
530,SuperStore
533,SuperStore
534,SuperStore
537,SuperStore
538,SuperStore
539,SuperStore
540,SuperStore
541,SuperStore
542,SuperStore
543,SuperStore
544,SuperStore
545,SuperStore
546,SuperStore
547,SuperStore
548,SuperStore
549,SuperStore
550,SuperStore
551,SuperStore
552,SuperStore
553,SuperStore
554,SuperStore
555,SuperStore
556,SuperStore
557,SuperStore
558,SuperStore
559,SuperStore
561,SuperStore
562,SuperStore
563,SuperStore
564,SuperStore
565,SuperStore
566,SuperStore
567,SuperStore
568,SuperStore
569,SuperStore
570,SuperStore
571,SuperStore
573,SuperStore
574,SuperStore
576,SuperStore
578,SuperStore
579,SuperStore
580,SuperStore
581,SuperStore
582,SuperStore
583,SuperStore
584,SuperStore
585,SuperStore
586,SuperStore
587,SuperStore
588,SuperStore
589,SuperStore
590,SuperStore
591,SuperStore
592,SuperStore
593,SuperStore
595,SuperStore
596,SuperStore
597,SuperStore
598,SuperStore
599,SuperStore
600,SuperStore
602,SuperStore
603,SuperStore
604,SuperStore
605,SuperStore
606,SuperStore
607,SuperStore
609,SuperStore
611,SuperStore
612,SuperStore
613,SuperStore
614,SuperStore
615,SuperStore
616,SuperStore
618,SuperStore
619,SuperStore
621,SuperStore
622,SuperStore
623,SuperStore
624,SuperStore
625,SuperStore
626,SuperStore
627,SuperStore
628,SuperStore
629,SuperStore
630,SuperStore
631,SuperStore
632,SuperStore
633,SuperStore
634,SuperStore
635,SuperStore
636,SuperStore
637,SuperStore
638,SuperStore
640,SuperStore
641,SuperStore
642,SuperStore
643,SuperStore
644,SuperStore
645,SuperStore
646,SuperStore
647,SuperStore
648,SuperStore
651,SuperStore
652,SuperStore
654,SuperStore
656,SuperStore
658,SuperStore
659,SuperStore
660,SuperStore
661,SuperStore
663,SuperStore
664,SuperStore
666,SuperStore
667,SuperStore
668,SuperStore
669,SuperStore
670,SuperStore
671,SuperStore
672,SuperStore
673,SuperStore
674,SuperStore
675,SuperStore
676,SuperStore
677,SuperStore
679,SuperStore
680,SuperStore
681,SuperStore
682,SuperStore
684,SuperStore
685,SuperStore
686,SuperStore
687,SuperStore
688,SuperStore
689,SuperStore
690,SuperStore
691,SuperStore
692,SuperStore
693,SuperStore
694,SuperStore
695,SuperStore
696,SuperStore
697,SuperStore
698,SuperStore
699,SuperStore
700,SuperStore
701,SuperStore
702,SuperStore
703,SuperStore
704,SuperStore
706,SuperStore
707,SuperStore
708,SuperStore
710,SuperStore
711,SuperStore
713,SuperStore
714,SuperStore
715,SuperStore
717,SuperStore
718,SuperStore
719,SuperStore
720,SuperStore
721,SuperStore
722,SuperStore
724,SuperStore
725,SuperStore
726,SuperStore
727,SuperStore
728,SuperStore
729,SuperStore
730,SuperStore
731,SuperStore
732,SuperStore
733,SuperStore
734,SuperStore
735,SuperStore
736,SuperStore
737,SuperStore
738,SuperStore
739,SuperStore
740,SuperStore
741,SuperStore
742,SuperStore
743,SuperStore
744,SuperStore
745,SuperStore
746,SuperStore
748,SuperStore
749,SuperStore
750,SuperStore
751,SuperStore
752,SuperStore
753,SuperStore
755,SuperStore
756,SuperStore
757,SuperStore
758,SuperStore
759,SuperStore
760,SuperStore
761,SuperStore
762,SuperStore
763,SuperStore
764,SuperStore
765,SuperStore
766,SuperStore
767,SuperStore
768,SuperStore
769,SuperStore
771,SuperStore
772,SuperStore
773,SuperStore
775,SuperStore
776,SuperStore
777,SuperStore
778,SuperStore
779,SuperStore
781,SuperStore
782,SuperStore
783,SuperStore
784,SuperStore
785,SuperStore
788,SuperStore
790,SuperStore
791,SuperStore
792,SuperStore
794,SuperStore
795,SuperStore
796,SuperStore
797,SuperStore
798,SuperStore
799,SuperStore
800,SuperStore
801,SuperStore
802,SuperStore
803,SuperStore
804,SuperStore
805,SuperStore
806,SuperStore
807,SuperStore
808,SuperStore
809,SuperStore
810,SuperStore
811,SuperStore
812,SuperStore
813,SuperStore
814,SuperStore
815,SuperStore
816,SuperStore
817,SuperStore
818,SuperStore
819,SuperStore
821,SuperStore
822,SuperStore
823,SuperStore
824,SuperStore
825,SuperStore
826,SuperStore
828,SuperStore
829,SuperStore
830,SuperStore
831,SuperStore
832,SuperStore
834,SuperStore
835,SuperStore
836,SuperStore
837,SuperStore
838,SuperStore
839,SuperStore
840,SuperStore
842,SuperStore
843,SuperStore
844,SuperStore
845,SuperStore
846,SuperStore
848,SuperStore
849,SuperStore
850,SuperStore
851,SuperStore
852,SuperStore
853,SuperStore
854,SuperStore
855,SuperStore
856,SuperStore
857,SuperStore
858,SuperStore
860,SuperStore
862,SuperStore
863,SuperStore
864,SuperStore
865,SuperStore
866,SuperStore
867,SuperStore
869,SuperStore
870,SuperStore
871,SuperStore
872,SuperStore
873,SuperStore
875,SuperStore
876,SuperStore
877,SuperStore
878,SuperStore
879,SuperStore
880,SuperStore
881,SuperStore
882,SuperStore
883,SuperStore
884,SuperStore
885,SuperStore
886,SuperStore
887,SuperStore
888,SuperStore
889,SuperStore
890,SuperStore
891,SuperStore
892,SuperStore
893,SuperStore
894,SuperStore
895,SuperStore
896,SuperStore
898,SuperStore
900,SuperStore
902,SuperStore
903,SuperStore
904,SuperStore
906,SuperStore
908,SuperStore
909,SuperStore
910,SuperStore
911,SuperStore
913,SuperStore
914,SuperStore
915,SuperStore
916,SuperStore
917,SuperStore
918,SuperStore
919,SuperStore
921,SuperStore
922,SuperStore
924,SuperStore
925,SuperStore
926,SuperStore
927,SuperStore
929,SuperStore
930,SuperStore
931,SuperStore
932,SuperStore
933,SuperStore
934,SuperStore
936,SuperStore
937,SuperStore
940,SuperStore
941,SuperStore
942,SuperStore
943,SuperStore
948,SuperStore
949,SuperStore
950,SuperStore
951,SuperStore
952,SuperStore
953,SuperStore
954,SuperStore
955,SuperStore
956,SuperStore
957,SuperStore
958,SuperStore
959,SuperStore
960,SuperStore
961,SuperStore
962,SuperStore
963,SuperStore
964,SuperStore
965,SuperStore
966,SuperStore
967,SuperStore
968,SuperStore
969,SuperStore
971,SuperStore
972,SuperStore
974,SuperStore
975,SuperStore
978,SuperStore
979,SuperStore
980,SuperStore
981,SuperStore
982,SuperStore
983,SuperStore
984,SuperStore
985,SuperStore
986,SuperStore
987,SuperStore
988,SuperStore
989,SuperStore
990,SuperStore
991,SuperStore
992,SuperStore
993,SuperStore
994,SuperStore
995,SuperStore
996,SuperStore
997,SuperStore
998,SuperStore
999,SuperStore
1001,SuperStore
1002,SuperStore
1003,SuperStore
1004,SuperStore
1005,SuperStore
1006,SuperStore
1009,SuperStore
1010,SuperStore
1011,SuperStore
1012,SuperStore
1013,SuperStore
1014,SuperStore
1015,SuperStore
1016,SuperStore
1017,SuperStore
1018,SuperStore
1019,SuperStore
1020,SuperStore
1023,SuperStore
1025,SuperStore
1026,SuperStore
1027,SuperStore
1029,SuperStore
1030,SuperStore
1031,SuperStore
1032,SuperStore
1033,SuperStore
1034,SuperStore
1035,SuperStore
1036,SuperStore
1037,SuperStore
1038,SuperStore
1039,SuperStore
1040,SuperStore
1041,SuperStore
1042,SuperStore
1045,SuperStore
1046,SuperStore
1047,SuperStore
1048,SuperStore
1049,SuperStore
1050,SuperStore
1051,SuperStore
1052,SuperStore
1053,SuperStore
1054,SuperStore
1055,SuperStore
1056,SuperStore
1057,SuperStore
1060,SuperStore
1061,SuperStore
1062,SuperStore
1063,SuperStore
1064,SuperStore
1065,SuperStore
1066,SuperStore
1067,SuperStore
1068,SuperStore
1069,SuperStore
1070,SuperStore
1071,SuperStore
1072,SuperStore
1073,SuperStore
1074,SuperStore
1075,SuperStore
1076,SuperStore
1077,SuperStore
1078,SuperStore
1079,SuperStore
1080,SuperStore
1081,SuperStore
1082,SuperStore
1083,SuperStore
1084,SuperStore
1087,SuperStore
1090,SuperStore
1091,SuperStore
1092,SuperStore
1093,SuperStore
1094,SuperStore
1095,SuperStore
1096,SuperStore
1097,SuperStore
1098,SuperStore
1099,SuperStore
1100,SuperStore
1101,SuperStore
1102,SuperStore
1103,SuperStore
1104,SuperStore
1105,SuperStore
1106,SuperStore
1107,SuperStore
1108,SuperStore
1109,SuperStore
1110,SuperStore
1111,SuperStore
1112,SuperStore
1113,SuperStore
1114,SuperStore
1116,SuperStore
1117,SuperStore
1119,SuperStore
1120,SuperStore
1121,SuperStore
1122,SuperStore
1123,SuperStore
1124,SuperStore
1125,SuperStore
1126,SuperStore
1128,SuperStore
1129,SuperStore
1130,SuperStore
1131,SuperStore
1132,SuperStore
1133,SuperStore
1134,SuperStore
1135,SuperStore
1136,SuperStore
1138,SuperStore
1139,SuperStore
1140,SuperStore
1141,SuperStore
1142,SuperStore
1143,SuperStore
1144,SuperStore
1145,SuperStore
1146,SuperStore
1147,SuperStore
1148,SuperStore
1149,SuperStore
1150,SuperStore
1151,SuperStore
1152,SuperStore
1153,SuperStore
1154,SuperStore
1155,SuperStore
1156,SuperStore
1158,SuperStore
1159,SuperStore
1160,SuperStore
1161,SuperStore
1162,SuperStore
1163,SuperStore
1164,SuperStore
1165,SuperStore
1166,SuperStore
1167,SuperStore
1168,SuperStore
1169,SuperStore
1170,SuperStore
1171,SuperStore
1172,SuperStore
1173,SuperStore
1174,SuperStore
1176,SuperStore
1177,SuperStore
1178,SuperStore
1179,SuperStore
1180,SuperStore
1182,SuperStore
1184,SuperStore
1185,SuperStore
1186,SuperStore
1187,SuperStore
1188,SuperStore
1189,SuperStore
1190,SuperStore
1192,SuperStore
1193,SuperStore
1194,SuperStore
1196,SuperStore
1197,SuperStore
1198,SuperStore
1199,SuperStore
1200,SuperStore
1201,SuperStore
1202,SuperStore
1203,SuperStore
1205,SuperStore
1206,SuperStore
1207,SuperStore
1208,SuperStore
1210,SuperStore
1212,SuperStore
1213,SuperStore
1214,SuperStore
1215,SuperStore
1216,SuperStore
1217,SuperStore
1218,SuperStore
1219,SuperStore
1221,SuperStore
1222,SuperStore
1224,SuperStore
1225,SuperStore
1227,SuperStore
1228,SuperStore
1229,SuperStore
1230,SuperStore
1231,SuperStore
1232,SuperStore
1233,SuperStore
1234,SuperStore
1235,SuperStore
1236,SuperStore
1237,SuperStore
1238,SuperStore
1239,SuperStore
1240,SuperStore
1241,SuperStore
1242,SuperStore
1243,SuperStore
1244,SuperStore
1245,SuperStore
1246,SuperStore
1247,SuperStore
1248,SuperStore
1249,SuperStore
1250,SuperStore
1251,SuperStore
1252,SuperStore
1253,SuperStore
1254,SuperStore
1256,SuperStore
1257,SuperStore
1258,SuperStore
1259,SuperStore
1260,SuperStore
1261,SuperStore
1263,SuperStore
1265,SuperStore
1266,SuperStore
1267,SuperStore
1268,SuperStore
1270,SuperStore
1271,SuperStore
1272,SuperStore
1273,SuperStore
1274,SuperStore
1275,SuperStore
1276,SuperStore
1277,SuperStore
1278,SuperStore
1279,SuperStore
1280,SuperStore
1282,SuperStore
1283,SuperStore
1284,SuperStore
1285,SuperStore
1287,SuperStore
1288,SuperStore
1290,SuperStore
1291,SuperStore
1292,SuperStore
1293,SuperStore
1294,SuperStore
1295,SuperStore
1296,SuperStore
1298,SuperStore
1299,SuperStore
1300,SuperStore
1301,SuperStore
1302,SuperStore
1303,SuperStore
1304,SuperStore
1305,SuperStore
1306,SuperStore
1307,SuperStore
1308,SuperStore
1309,SuperStore
1310,SuperStore
1312,SuperStore
1313,SuperStore
1316,SuperStore
1317,SuperStore
1318,SuperStore
1319,SuperStore
1320,SuperStore
1321,SuperStore
1323,SuperStore
1324,SuperStore
1325,SuperStore
1327,SuperStore
1328,SuperStore
1329,SuperStore
1330,SuperStore
1331,SuperStore
1332,SuperStore
1333,SuperStore
1334,SuperStore
1336,SuperStore
1337,SuperStore
1338,SuperStore
1340,SuperStore
1341,SuperStore
1342,SuperStore
1344,SuperStore
1345,SuperStore
1346,SuperStore
1347,SuperStore
1348,SuperStore
1349,SuperStore
1350,SuperStore
1351,SuperStore
1352,SuperStore
1354,SuperStore
1355,SuperStore
1356,SuperStore
1357,SuperStore
1358,SuperStore
1359,SuperStore
1360,SuperStore
1361,SuperStore
1362,SuperStore
1363,SuperStore
1364,SuperStore
1365,SuperStore
1367,SuperStore
1368,SuperStore
1369,SuperStore
1370,SuperStore
1371,SuperStore
1372,SuperStore
1373,SuperStore
1374,SuperStore
1375,SuperStore
1376,SuperStore
1379,SuperStore
1380,SuperStore
1381,SuperStore
1382,SuperStore
1383,SuperStore
1384,SuperStore
1385,SuperStore
1386,SuperStore
1387,SuperStore
1388,SuperStore
1389,SuperStore
1392,SuperStore
1393,SuperStore
1394,SuperStore
1395,SuperStore
1398,SuperStore
1399,SuperStore
1400,SuperStore
1403,SuperStore
1406,SuperStore
1408,SuperStore
1409,SuperStore
1411,SuperStore
1412,SuperStore
1413,SuperStore
1414,SuperStore
1415,SuperStore
1416,SuperStore
1418,SuperStore
1419,SuperStore
1420,SuperStore
1421,SuperStore
1422,SuperStore
1423,SuperStore
1425,SuperStore
1426,SuperStore
1428,SuperStore
1429,SuperStore
1431,SuperStore
1432,SuperStore
1433,SuperStore
1434,SuperStore
1435,SuperStore
1437,SuperStore
1438,SuperStore
1439,SuperStore
1440,SuperStore
1441,SuperStore
1442,SuperStore
1443,SuperStore
1444,SuperStore
1445,SuperStore
1446,SuperStore
1447,SuperStore
1449,SuperStore
1450,SuperStore
1451,SuperStore
1453,SuperStore
1454,SuperStore
1455,SuperStore
1456,SuperStore
1459,SuperStore
1460,SuperStore
1463,SuperStore
1464,SuperStore
1465,SuperStore
1467,SuperStore
1469,SuperStore
1470,SuperStore
1471,SuperStore
1472,SuperStore
1473,SuperStore
1474,SuperStore
1476,SuperStore
1477,SuperStore
1478,SuperStore
1479,SuperStore
1480,SuperStore
1483,SuperStore
1484,SuperStore
1486,SuperStore
1488,SuperStore
1490,SuperStore
1491,SuperStore
1492,SuperStore
1493,SuperStore
1494,SuperStore
1497,SuperStore
1499,SuperStore
1500,SuperStore
1501,SuperStore
1502,SuperStore
1503,SuperStore
1504,SuperStore
1505,SuperStore
1507,SuperStore
1508,SuperStore
1509,SuperStore
1510,SuperStore
1515,SuperStore
1517,SuperStore
1518,SuperStore
1519,SuperStore
1520,SuperStore
1522,SuperStore
1524,SuperStore
1525,SuperStore
1526,SuperStore
1527,SuperStore
1528,SuperStore
1529,SuperStore
1530,SuperStore
1531,SuperStore
1532,SuperStore
1533,SuperStore
1534,SuperStore
1536,SuperStore
1538,SuperStore
1539,SuperStore
1540,SuperStore
1541,SuperStore
1542,SuperStore
1545,SuperStore
1546,SuperStore
1547,SuperStore
1549,SuperStore
1550,SuperStore
1551,SuperStore
1552,SuperStore
1554,SuperStore
1555,SuperStore
1556,SuperStore
1557,SuperStore
1558,SuperStore
1559,SuperStore
1560,SuperStore
1561,SuperStore
1562,SuperStore
1563,SuperStore
1564,SuperStore
1565,SuperStore
1566,SuperStore
1567,SuperStore
1569,SuperStore
1570,SuperStore
1571,SuperStore
1572,SuperStore
1574,SuperStore
1575,SuperStore
1576,SuperStore
1577,SuperStore
1578,SuperStore
1579,SuperStore
1580,SuperStore
1581,SuperStore
1582,SuperStore
1583,SuperStore
1584,SuperStore
1585,SuperStore
1586,SuperStore
1587,SuperStore
1588,SuperStore
1589,SuperStore
1590,SuperStore
1591,SuperStore
1592,SuperStore
1593,SuperStore
1594,SuperStore
1595,SuperStore
1596,SuperStore
1597,SuperStore
1598,SuperStore
1600,SuperStore
1601,SuperStore
1602,SuperStore
1603,SuperStore
1604,SuperStore
1606,SuperStore
1607,SuperStore
1608,SuperStore
1609,SuperStore
1610,SuperStore
1611,SuperStore
1612,SuperStore
1613,SuperStore
1614,SuperStore
1615,SuperStore
1616,SuperStore
1617,SuperStore
1618,SuperStore
1619,SuperStore
1620,SuperStore
1621,SuperStore
1622,SuperStore
1623,SuperStore
1624,SuperStore
1625,SuperStore
1627,SuperStore
1628,SuperStore
1629,SuperStore
1630,SuperStore
1631,SuperStore
1632,SuperStore
1633,SuperStore
1635,SuperStore
1636,SuperStore
1637,SuperStore
1638,SuperStore
1639,SuperStore
1641,SuperStore
1642,SuperStore
1643,SuperStore
1644,SuperStore
1645,SuperStore
1647,SuperStore
1648,SuperStore
1649,SuperStore
1650,SuperStore
1651,SuperStore
1652,SuperStore
1653,SuperStore
1655,SuperStore
1657,SuperStore
1658,SuperStore
1659,SuperStore
1660,SuperStore
1661,SuperStore
1662,SuperStore
1663,SuperStore
1664,SuperStore
1665,SuperStore
1666,SuperStore
1667,SuperStore
1668,SuperStore
1669,SuperStore
1670,SuperStore
1671,SuperStore
1672,SuperStore
1673,SuperStore
1674,SuperStore
1675,SuperStore
1676,SuperStore
1677,SuperStore
1679,SuperStore
1680,SuperStore
1683,SuperStore
1684,SuperStore
1685,SuperStore
1686,SuperStore
1687,SuperStore
1689,SuperStore
1690,SuperStore
1691,SuperStore
1693,SuperStore
1694,SuperStore
1695,SuperStore
1696,SuperStore
1697,SuperStore
1699,SuperStore
1700,SuperStore
1702,SuperStore
1704,SuperStore
1705,SuperStore
1706,SuperStore
1707,SuperStore
1708,SuperStore
1709,SuperStore
1710,SuperStore
1711,SuperStore
1712,SuperStore
1713,SuperStore
1714,SuperStore
1715,SuperStore
1717,SuperStore
1718,SuperStore
1720,SuperStore
1721,SuperStore
1722,SuperStore
1724,SuperStore
1725,SuperStore
1726,SuperStore
1728,SuperStore
1729,SuperStore
1730,SuperStore
1731,SuperStore
1734,SuperStore
1736,SuperStore
1738,SuperStore
1740,SuperStore
1742,SuperStore
1743,SuperStore
1744,SuperStore
1745,SuperStore
1746,SuperStore
1747,SuperStore
1748,SuperStore
1751,SuperStore
1753,SuperStore
1755,SuperStore
1756,SuperStore
1757,SuperStore
1758,SuperStore
1759,SuperStore
1760,SuperStore
1761,SuperStore
1762,SuperStore
1763,SuperStore
1764,SuperStore
1765,SuperStore
1767,SuperStore
1768,SuperStore
1769,SuperStore
1770,SuperStore
1771,SuperStore
1772,SuperStore
1773,SuperStore
1774,SuperStore
1775,SuperStore
1776,SuperStore
1777,SuperStore
1778,SuperStore
1779,SuperStore
1780,SuperStore
1781,SuperStore
1783,SuperStore
1784,SuperStore
1785,SuperStore
1786,SuperStore
1787,SuperStore
1788,SuperStore
1789,SuperStore
1790,SuperStore
1791,SuperStore
1792,SuperStore
1793,SuperStore
1794,SuperStore
1795,SuperStore
1796,SuperStore
1797,SuperStore
1798,SuperStore
1799,SuperStore
1800,SuperStore
1802,SuperStore
1803,SuperStore
1804,SuperStore
1805,SuperStore
1806,SuperStore
1807,SuperStore
1808,SuperStore
1809,SuperStore
1810,SuperStore
1811,SuperStore
1813,SuperStore
1814,SuperStore
1815,SuperStore
1816,SuperStore
1817,SuperStore
1818,SuperStore
1819,SuperStore
1821,SuperStore
1822,SuperStore
1823,SuperStore
1824,SuperStore
1825,SuperStore
1827,SuperStore
1828,SuperStore
1829,SuperStore
1830,SuperStore
1832,SuperStore
1833,SuperStore
1834,SuperStore
1835,SuperStore
1836,SuperStore
1838,SuperStore
1839,SuperStore
1841,SuperStore
1843,SuperStore
1844,SuperStore
1845,SuperStore
1846,SuperStore
1847,SuperStore
1849,SuperStore
1850,SuperStore
1851,SuperStore
1852,SuperStore
1853,SuperStore
1854,SuperStore
1856,SuperStore
1857,SuperStore
1858,SuperStore
1859,SuperStore
1861,SuperStore
1862,SuperStore
1863,SuperStore
1864,SuperStore
1865,SuperStore
1866,SuperStore
1867,SuperStore
1868,SuperStore
1869,SuperStore
1870,SuperStore
1871,SuperStore
1872,SuperStore
1873,SuperStore
1874,SuperStore
1875,SuperStore
1876,SuperStore
1877,SuperStore
1878,SuperStore
1879,SuperStore
1880,SuperStore
1881,SuperStore
1882,SuperStore
1883,SuperStore
1884,SuperStore
1885,SuperStore
1887,SuperStore
1888,SuperStore
1889,SuperStore
1890,SuperStore
1891,SuperStore
1892,SuperStore
1893,SuperStore
1894,SuperStore
1896,SuperStore
1897,SuperStore
1898,SuperStore
1899,SuperStore
1900,SuperStore
1901,SuperStore
1902,SuperStore
1903,SuperStore
1904,SuperStore
1905,SuperStore
1906,SuperStore
1907,SuperStore
1908,SuperStore
1909,SuperStore
1910,SuperStore
1911,SuperStore
1913,SuperStore
1914,SuperStore
1916,SuperStore
1918,SuperStore
1919,SuperStore
1920,SuperStore
1921,SuperStore
1922,SuperStore
1923,SuperStore
1924,SuperStore
1925,SuperStore
1926,SuperStore
1928,SuperStore
1929,SuperStore
1930,SuperStore
1931,SuperStore
1932,SuperStore
1933,SuperStore
1934,SuperStore
1935,SuperStore
1936,SuperStore
1937,SuperStore
1938,SuperStore
1939,SuperStore
1940,SuperStore
1941,SuperStore
1942,SuperStore
1943,SuperStore
1944,SuperStore
1945,SuperStore
1946,SuperStore
1947,SuperStore
1948,SuperStore
1949,SuperStore
1950,SuperStore
1951,SuperStore
1952,SuperStore
1953,SuperStore
1954,SuperStore
1955,SuperStore
1956,SuperStore
1957,SuperStore
1958,SuperStore
1959,SuperStore
1960,SuperStore
1961,SuperStore
1962,SuperStore
1963,SuperStore
1964,SuperStore
1965,SuperStore
1966,SuperStore
1967,SuperStore
1968,SuperStore
1969,SuperStore
1971,SuperStore
1972,SuperStore
1973,SuperStore
1974,SuperStore
1975,SuperStore
1976,SuperStore
1977,SuperStore
1980,SuperStore
1982,SuperStore
1983,SuperStore
1984,SuperStore
1985,SuperStore
1986,SuperStore
1987,SuperStore
1988,SuperStore
1989,SuperStore
1990,SuperStore
1991,SuperStore
1992,SuperStore
1993,SuperStore
1994,SuperStore
1995,SuperStore
1996,SuperStore
1997,SuperStore
1998,SuperStore
1999,SuperStore
2000,SuperStore
2001,SuperStore
2002,SuperStore
2003,SuperStore
2004,SuperStore
2006,SuperStore
2008,SuperStore
2009,SuperStore
2010,SuperStore
2012,SuperStore
2013,SuperStore
2014,SuperStore
2015,SuperStore
2016,SuperStore
2017,SuperStore
2018,SuperStore
2019,SuperStore
2020,SuperStore
2021,SuperStore
2022,SuperStore
2024,SuperStore
2025,SuperStore
2026,SuperStore
2027,SuperStore
2028,SuperStore
2029,SuperStore
2030,SuperStore
2031,SuperStore
2032,SuperStore
2034,SuperStore
2035,SuperStore
2036,SuperStore
2037,SuperStore
2038,SuperStore
2039,SuperStore
2040,SuperStore
2041,SuperStore
2042,SuperStore
2043,SuperStore
2044,SuperStore
2046,SuperStore
2048,SuperStore
2049,SuperStore
2051,SuperStore
2052,SuperStore
2054,SuperStore
2055,SuperStore
2056,SuperStore
2058,SuperStore
2060,SuperStore
2061,SuperStore
2062,SuperStore
2063,SuperStore
2064,SuperStore
2065,SuperStore
2066,SuperStore
2067,SuperStore
2068,SuperStore
2069,SuperStore
2073,SuperStore
2074,SuperStore
2075,SuperStore
2077,SuperStore
2078,SuperStore
2079,SuperStore
2080,SuperStore
2083,SuperStore
2085,SuperStore
2086,SuperStore
2087,SuperStore
2088,SuperStore
2089,SuperStore
2090,SuperStore
2091,SuperStore
2092,SuperStore
2093,SuperStore
2094,SuperStore
2095,SuperStore
2096,SuperStore
2097,SuperStore
2098,SuperStore
2100,SuperStore
2101,SuperStore
2102,SuperStore
2103,SuperStore
2104,SuperStore
2105,SuperStore
2106,SuperStore
2111,SuperStore
2112,SuperStore
2113,SuperStore
2114,SuperStore
2115,SuperStore
2116,SuperStore
2117,SuperStore
2118,SuperStore
2120,SuperStore
2123,SuperStore
2124,SuperStore
2125,SuperStore
2127,SuperStore
2128,SuperStore
2130,SuperStore
2131,SuperStore
2132,SuperStore
2133,SuperStore
2134,SuperStore
2135,SuperStore
2136,SuperStore
2137,SuperStore
2138,SuperStore
2139,SuperStore
2140,SuperStore
2141,SuperStore
2143,SuperStore
2144,SuperStore
2145,SuperStore
2146,SuperStore
2148,SuperStore
2149,SuperStore
2150,SuperStore
2151,SuperStore
2152,SuperStore
2153,SuperStore
2154,SuperStore
2155,SuperStore
2156,SuperStore
2157,SuperStore
2158,SuperStore
2159,SuperStore
2160,SuperStore
2161,SuperStore
2162,SuperStore
2163,SuperStore
2164,SuperStore
2165,SuperStore
2168,SuperStore
2169,SuperStore
2170,SuperStore
2171,SuperStore
2172,SuperStore
2173,SuperStore
2174,SuperStore
2175,SuperStore
2176,SuperStore
2177,SuperStore
2178,SuperStore
2179,SuperStore
2180,SuperStore
2181,SuperStore
2183,SuperStore
2184,SuperStore
2185,SuperStore
2186,SuperStore
2187,SuperStore
2188,SuperStore
2189,SuperStore
2190,SuperStore
2191,SuperStore
2192,SuperStore
2193,SuperStore
2195,SuperStore
2196,SuperStore
2197,SuperStore
2198,SuperStore
2199,SuperStore
2200,SuperStore
2201,SuperStore
2202,SuperStore
2203,SuperStore
2204,SuperStore
2206,SuperStore
2207,SuperStore
2208,SuperStore
2209,SuperStore
2211,SuperStore
2212,SuperStore
2213,SuperStore
2215,SuperStore
2216,SuperStore
2217,SuperStore
2218,SuperStore
2219,SuperStore
2220,SuperStore
2221,SuperStore
2222,SuperStore
2223,SuperStore
2224,SuperStore
2225,SuperStore
2226,SuperStore
2227,SuperStore
2228,SuperStore
2229,SuperStore
2230,SuperStore
2231,SuperStore
2233,SuperStore
2234,SuperStore
2235,SuperStore
2236,SuperStore
2237,SuperStore
2238,SuperStore
2239,SuperStore
2240,SuperStore
2241,SuperStore
2242,SuperStore
2243,SuperStore
2244,SuperStore
2245,SuperStore
2247,SuperStore
2248,SuperStore
2249,SuperStore
2250,SuperStore
2252,SuperStore
2253,SuperStore
2254,SuperStore
2255,SuperStore
2256,SuperStore
2257,SuperStore
2258,SuperStore
2259,SuperStore
2260,SuperStore
2261,SuperStore
2262,SuperStore
2263,SuperStore
2264,SuperStore
2265,SuperStore
2267,SuperStore
2268,SuperStore
2269,SuperStore
2273,SuperStore
2275,SuperStore
2276,SuperStore
2278,SuperStore
2279,SuperStore
2280,SuperStore
2281,SuperStore
2282,SuperStore
2283,SuperStore
2284,SuperStore
2285,SuperStore
2286,SuperStore
2287,SuperStore
2288,SuperStore
2289,SuperStore
2290,SuperStore
2291,SuperStore
2292,SuperStore
2293,SuperStore
2294,SuperStore
2295,SuperStore
2296,SuperStore
2297,SuperStore
2299,SuperStore
2300,SuperStore
2301,SuperStore
2302,SuperStore
2303,SuperStore
2304,SuperStore
2305,SuperStore
2306,SuperStore
2307,SuperStore
2309,SuperStore
2310,SuperStore
2311,SuperStore
2313,SuperStore
2314,SuperStore
2315,SuperStore
2316,SuperStore
2317,SuperStore
2318,SuperStore
2320,SuperStore
2321,SuperStore
2322,SuperStore
2323,SuperStore
2324,SuperStore
2325,SuperStore
2327,SuperStore
2328,SuperStore
2329,SuperStore
2330,SuperStore
2331,SuperStore
2332,SuperStore
2333,SuperStore
2334,SuperStore
2335,SuperStore
2337,SuperStore
2339,SuperStore
2340,SuperStore
2341,SuperStore
2344,SuperStore
2345,SuperStore
2347,SuperStore
2348,SuperStore
2350,SuperStore
2351,SuperStore
2352,SuperStore
2353,SuperStore
2354,SuperStore
2356,SuperStore
2357,SuperStore
2358,SuperStore
2359,SuperStore
2360,SuperStore
2361,SuperStore
2362,SuperStore
2363,SuperStore
2364,SuperStore
2365,SuperStore
2366,SuperStore
2367,SuperStore
2368,SuperStore
2369,SuperStore
2371,SuperStore
2372,SuperStore
2374,SuperStore
2375,SuperStore
2376,SuperStore
2377,SuperStore
2378,SuperStore
2380,SuperStore
2381,SuperStore
2382,SuperStore
2383,SuperStore
2384,SuperStore
2385,SuperStore
2386,SuperStore
2387,SuperStore
2389,SuperStore
2390,SuperStore
2391,SuperStore
2392,SuperStore
2393,SuperStore
2394,SuperStore
2395,SuperStore
2396,SuperStore
2397,SuperStore
2398,SuperStore
2399,SuperStore
2400,SuperStore
2401,SuperStore
2402,SuperStore
2403,SuperStore
2405,SuperStore
2406,SuperStore
2407,SuperStore
2408,SuperStore
2409,SuperStore
2410,SuperStore
2411,SuperStore
2412,SuperStore
2413,SuperStore
2414,SuperStore
2415,SuperStore
2416,SuperStore
2418,SuperStore
2419,SuperStore
2421,SuperStore
2422,SuperStore
2423,SuperStore
2425,SuperStore
2426,SuperStore
2427,SuperStore
2428,SuperStore
2431,SuperStore
2432,SuperStore
2433,SuperStore
2434,SuperStore
2435,SuperStore
2436,SuperStore
2437,SuperStore
2438,SuperStore
2439,SuperStore
2440,SuperStore
2441,SuperStore
2442,SuperStore
2443,SuperStore
2444,SuperStore
2445,SuperStore
2446,SuperStore
2447,SuperStore
2448,SuperStore
2449,SuperStore
2450,SuperStore
2451,SuperStore
2452,SuperStore
2453,SuperStore
2455,SuperStore
2456,SuperStore
2457,SuperStore
2458,SuperStore
2459,SuperStore
2460,SuperStore
2461,SuperStore
2462,SuperStore
2463,SuperStore
2465,SuperStore
2466,SuperStore
2467,SuperStore
2468,SuperStore
2469,SuperStore
2470,SuperStore
2471,SuperStore
2472,SuperStore
2473,SuperStore
2475,SuperStore
2476,SuperStore
2477,SuperStore
2478,SuperStore
2479,SuperStore
2480,SuperStore
2481,SuperStore
2482,SuperStore
2483,SuperStore
2484,SuperStore
2485,SuperStore
2487,SuperStore
2488,SuperStore
2489,SuperStore
2490,SuperStore
2491,SuperStore
2492,SuperStore
2493,SuperStore
2494,SuperStore
2495,SuperStore
2496,SuperStore
2497,SuperStore
2498,SuperStore
2500,SuperStore
2501,SuperStore
2502,SuperStore
2504,SuperStore
2505,SuperStore
2506,SuperStore
2507,SuperStore
2508,SuperStore
2509,SuperStore
2510,SuperStore
2512,SuperStore
2513,SuperStore
2515,SuperStore
2516,SuperStore
2517,SuperStore
2518,SuperStore
2519,SuperStore
2520,SuperStore
2521,SuperStore
2523,SuperStore
2524,SuperStore
2525,SuperStore
2526,SuperStore
2527,SuperStore
2529,SuperStore
2530,SuperStore
2531,SuperStore
2534,SuperStore
2535,SuperStore
2537,SuperStore
2538,SuperStore
2539,SuperStore
2540,SuperStore
2541,SuperStore
2542,SuperStore
2543,SuperStore
2544,SuperStore
2545,SuperStore
2546,SuperStore
2547,SuperStore
2548,SuperStore
2549,SuperStore
2550,SuperStore
2551,SuperStore
2552,SuperStore
2553,SuperStore
2554,SuperStore
2555,SuperStore
2557,SuperStore
2558,SuperStore
2560,SuperStore
2561,SuperStore
2562,SuperStore
2563,SuperStore
2564,SuperStore
2565,SuperStore
2566,SuperStore
2567,SuperStore
2568,SuperStore
2569,SuperStore
2570,SuperStore
2571,SuperStore
2572,SuperStore
2573,SuperStore
2574,SuperStore
2575,SuperStore
2576,SuperStore
2577,SuperStore
2578,SuperStore
2580,SuperStore
2581,SuperStore
2582,SuperStore
2584,SuperStore
2585,SuperStore
2586,SuperStore
2587,SuperStore
2588,SuperStore
2589,SuperStore
2590,SuperStore
2592,SuperStore
2593,SuperStore
2594,SuperStore
2595,SuperStore
2596,SuperStore
2597,SuperStore
2598,SuperStore
2599,SuperStore
2600,SuperStore
2601,SuperStore
2603,SuperStore
2605,SuperStore
2606,SuperStore
2607,SuperStore
2608,SuperStore
2609,SuperStore
2610,SuperStore
2611,SuperStore
2612,SuperStore
2613,SuperStore
2616,SuperStore
2617,SuperStore
2618,SuperStore
2619,SuperStore
2620,SuperStore
2621,SuperStore
2622,SuperStore
2623,SuperStore
2624,SuperStore
2626,SuperStore
2627,SuperStore
2629,SuperStore
2630,SuperStore
2631,SuperStore
2633,SuperStore
2634,SuperStore
2635,SuperStore
2637,SuperStore
2638,SuperStore
2639,SuperStore
2640,SuperStore
2641,SuperStore
2642,SuperStore
2643,SuperStore
2644,SuperStore
2645,SuperStore
2646,SuperStore
2648,SuperStore
2649,SuperStore
2650,SuperStore
2651,SuperStore
2652,SuperStore
2653,SuperStore
2654,SuperStore
2655,SuperStore
2656,SuperStore
2657,SuperStore
2658,SuperStore
2659,SuperStore
2660,SuperStore
2661,SuperStore
2662,SuperStore
2663,SuperStore
2664,SuperStore
2665,SuperStore
2666,SuperStore
2667,SuperStore
2668,SuperStore
2669,SuperStore
2670,SuperStore
2672,SuperStore
2673,SuperStore
2675,SuperStore
2676,SuperStore
2677,SuperStore
2678,SuperStore
2679,SuperStore
2680,SuperStore
2681,SuperStore
2682,SuperStore
2683,SuperStore
2684,SuperStore
2685,SuperStore
2686,SuperStore
2687,SuperStore
2689,SuperStore
2690,SuperStore
2691,SuperStore
2692,SuperStore
2693,SuperStore
2695,SuperStore
2696,SuperStore
2698,SuperStore
2699,SuperStore
2700,SuperStore
2701,SuperStore
2702,SuperStore
2703,SuperStore
2705,SuperStore
2706,SuperStore
2707,SuperStore
2708,SuperStore
2709,SuperStore
2710,SuperStore
2711,SuperStore
2712,SuperStore
2714,SuperStore
2715,SuperStore
2717,SuperStore
2718,SuperStore
2719,SuperStore
2721,SuperStore
2722,SuperStore
2723,SuperStore
2725,SuperStore
2726,SuperStore
2727,SuperStore
2728,SuperStore
2729,SuperStore
2730,SuperStore
2731,SuperStore
2732,SuperStore
2733,SuperStore
2735,SuperStore
2736,SuperStore
2738,SuperStore
2739,SuperStore
2740,SuperStore
2741,SuperStore
2742,SuperStore
2743,SuperStore
2744,SuperStore
2746,SuperStore
2748,SuperStore
2749,SuperStore
2750,SuperStore
2751,SuperStore
2752,SuperStore
2753,SuperStore
2754,SuperStore
2755,SuperStore
2756,SuperStore
2757,SuperStore
2758,SuperStore
2759,SuperStore
2760,SuperStore
2761,SuperStore
2762,SuperStore
2763,SuperStore
2764,SuperStore
2765,SuperStore
2766,SuperStore
2767,SuperStore
2768,SuperStore
2769,SuperStore
2772,SuperStore
2773,SuperStore
2774,SuperStore
2775,SuperStore
2776,SuperStore
2777,SuperStore
2778,SuperStore
2779,SuperStore
2780,SuperStore
2781,SuperStore
2782,SuperStore
2783,SuperStore
2784,SuperStore
2785,SuperStore
2786,SuperStore
2787,SuperStore
2789,SuperStore
2790,SuperStore
2791,SuperStore
2792,SuperStore
2793,SuperStore
2794,SuperStore
2795,SuperStore
2796,SuperStore
2797,SuperStore
2798,SuperStore
2799,SuperStore
2800,SuperStore
2801,SuperStore
2802,SuperStore
2803,SuperStore
2804,SuperStore
2805,SuperStore
2806,SuperStore
2807,SuperStore
2808,SuperStore
2811,SuperStore
2813,SuperStore
2814,SuperStore
2816,SuperStore
2818,SuperStore
2819,SuperStore
2820,SuperStore
2821,SuperStore
2822,SuperStore
2824,SuperStore
2825,SuperStore
2827,SuperStore
2828,SuperStore
2829,SuperStore
2830,SuperStore
2831,SuperStore
2832,SuperStore
2833,SuperStore
2835,SuperStore
2836,SuperStore
2837,SuperStore
2838,SuperStore
2839,SuperStore
2840,SuperStore
2841,SuperStore
2842,SuperStore
2843,SuperStore
2844,SuperStore
2845,SuperStore
2846,SuperStore
2847,SuperStore
2848,SuperStore
2849,SuperStore
2850,SuperStore
2852,SuperStore
2853,SuperStore
2854,SuperStore
2855,SuperStore
2856,SuperStore
2858,SuperStore
2859,SuperStore
2860,SuperStore
2861,SuperStore
2862,SuperStore
2863,SuperStore
2864,SuperStore
2865,SuperStore
2866,SuperStore
2867,SuperStore
2868,SuperStore
2869,SuperStore
2870,SuperStore
2871,SuperStore
2872,SuperStore
2873,SuperStore
2874,SuperStore
2876,SuperStore
2877,SuperStore
2878,SuperStore
2879,SuperStore
2881,SuperStore
2882,SuperStore
2884,SuperStore
2885,SuperStore
2886,SuperStore
2887,SuperStore
2889,SuperStore
2890,SuperStore
2892,SuperStore
2893,SuperStore
2894,SuperStore
2895,SuperStore
2896,SuperStore
2897,SuperStore
2898,SuperStore
2899,SuperStore
2900,SuperStore
2901,SuperStore
2902,SuperStore
2904,SuperStore
2905,SuperStore
2906,SuperStore
2907,SuperStore
2908,SuperStore
2909,SuperStore
2910,SuperStore
2911,SuperStore
2912,SuperStore
2913,SuperStore
2914,SuperStore
2915,SuperStore
2916,SuperStore
2917,SuperStore
2918,SuperStore
2919,SuperStore
2920,SuperStore
2921,SuperStore
2922,SuperStore
2923,SuperStore
2924,SuperStore
2925,SuperStore
2926,SuperStore
2927,SuperStore
2928,SuperStore
2929,SuperStore
2930,SuperStore
2931,SuperStore
2932,SuperStore
2933,SuperStore
2934,SuperStore
2935,SuperStore
2936,SuperStore
2938,SuperStore
2939,SuperStore
2940,SuperStore
2942,SuperStore
2943,SuperStore
2944,SuperStore
2945,SuperStore
2946,SuperStore
2947,SuperStore
2949,SuperStore
2950,SuperStore
2951,SuperStore
2952,SuperStore
2954,SuperStore
2955,SuperStore
2956,SuperStore
2958,SuperStore
2959,SuperStore
2960,SuperStore
2961,SuperStore
2963,SuperStore
2964,SuperStore
2965,SuperStore
2966,SuperStore
2967,SuperStore
2968,SuperStore
2970,SuperStore
2972,SuperStore
2973,SuperStore
2974,SuperStore
2975,SuperStore
2976,SuperStore
2978,SuperStore
2979,SuperStore
2981,SuperStore
2982,SuperStore
2983,SuperStore
2984,SuperStore
2985,SuperStore
2986,SuperStore
2987,SuperStore
2988,SuperStore
2989,SuperStore
2990,SuperStore
2991,SuperStore
2992,SuperStore
2993,SuperStore
2994,SuperStore
2995,SuperStore
2997,SuperStore
2998,SuperStore
2999,SuperStore
3001,SuperStore
3002,SuperStore
3003,SuperStore
3004,SuperStore
3005,SuperStore
3006,SuperStore
3007,SuperStore
3008,SuperStore
3010,SuperStore
3011,SuperStore
3012,SuperStore
3013,SuperStore
3014,SuperStore
3015,SuperStore
3016,SuperStore
3017,SuperStore
3018,SuperStore
3019,SuperStore
3021,SuperStore
3023,SuperStore
3024,SuperStore
3025,SuperStore
3026,SuperStore
3028,SuperStore
3029,SuperStore
3030,SuperStore
3031,SuperStore
3032,SuperStore
3033,SuperStore
3035,SuperStore
3038,SuperStore
3039,SuperStore
3040,SuperStore
3041,SuperStore
3043,SuperStore
3045,SuperStore
3046,SuperStore
3047,SuperStore
3048,SuperStore
3049,SuperStore
3050,SuperStore
3051,SuperStore
3052,SuperStore
3053,SuperStore
3054,SuperStore
3055,SuperStore
3056,SuperStore
3057,SuperStore
3058,SuperStore
3059,SuperStore
3060,SuperStore
3061,SuperStore
3062,SuperStore
3063,SuperStore
3064,SuperStore
3065,SuperStore
3066,SuperStore
3067,SuperStore
3068,SuperStore
3069,SuperStore
3070,SuperStore
3071,SuperStore
3072,SuperStore
3073,SuperStore
3075,SuperStore
3076,SuperStore
3077,SuperStore
3078,SuperStore
3080,SuperStore
3081,SuperStore
3082,SuperStore
3083,SuperStore
3084,SuperStore
3085,SuperStore
3086,SuperStore
3087,SuperStore
3088,SuperStore
3089,SuperStore
3090,SuperStore
3091,SuperStore
3092,SuperStore
3094,SuperStore
3096,SuperStore
3097,SuperStore
3099,SuperStore
3100,SuperStore
3102,SuperStore
3103,SuperStore
3104,SuperStore
3105,SuperStore
3106,SuperStore
3107,SuperStore
3108,SuperStore
3109,SuperStore
3110,SuperStore
3111,SuperStore
3112,SuperStore
3113,SuperStore
3114,SuperStore
3115,SuperStore
3116,SuperStore
3117,SuperStore
3118,SuperStore
3119,SuperStore
3120,SuperStore
3121,SuperStore
3122,SuperStore
3123,SuperStore
3125,SuperStore
3126,SuperStore
3127,SuperStore
3128,SuperStore
3130,SuperStore
3132,SuperStore
3134,SuperStore
3135,SuperStore
3136,SuperStore
3137,SuperStore
3138,SuperStore
3139,SuperStore
3140,SuperStore
3141,SuperStore
3142,SuperStore
3144,SuperStore
3145,SuperStore
3147,SuperStore
3148,SuperStore
3149,SuperStore
3150,SuperStore
3151,SuperStore
3152,SuperStore
3153,SuperStore
3154,SuperStore
3156,SuperStore
3157,SuperStore
3158,SuperStore
3159,SuperStore
3161,SuperStore
3162,SuperStore
3163,SuperStore
3164,SuperStore
3166,SuperStore
3167,SuperStore
3168,SuperStore
3170,SuperStore
3171,SuperStore
3172,SuperStore
3173,SuperStore
3174,SuperStore
3175,SuperStore
3176,SuperStore
3177,SuperStore
3178,SuperStore
3179,SuperStore
3180,SuperStore
3181,SuperStore
3182,SuperStore
3183,SuperStore
3185,SuperStore
3186,SuperStore
3187,SuperStore
3188,SuperStore
3189,SuperStore
3190,SuperStore
3191,SuperStore
3194,SuperStore
3195,SuperStore
3196,SuperStore
3197,SuperStore
3198,SuperStore
3199,SuperStore
3200,SuperStore
3201,SuperStore
3202,SuperStore
3203,SuperStore
3204,SuperStore
3205,SuperStore
3206,SuperStore
3207,SuperStore
3209,SuperStore
3210,SuperStore
3211,SuperStore
3213,SuperStore
3214,SuperStore
3215,SuperStore
3216,SuperStore
3217,SuperStore
3218,SuperStore
3219,SuperStore
3220,SuperStore
3221,SuperStore
3222,SuperStore
3224,SuperStore
3225,SuperStore
3226,SuperStore
3228,SuperStore
3229,SuperStore
3231,SuperStore
3232,SuperStore
3233,SuperStore
3234,SuperStore
3235,SuperStore
3236,SuperStore
3237,SuperStore
3238,SuperStore
3240,SuperStore
3241,SuperStore
3243,SuperStore
3244,SuperStore
3245,SuperStore
3246,SuperStore
3248,SuperStore
3249,SuperStore
3250,SuperStore
3251,SuperStore
3252,SuperStore
3253,SuperStore
3254,SuperStore
3256,SuperStore
3257,SuperStore
3258,SuperStore
3259,SuperStore
3260,SuperStore
3261,SuperStore
3263,SuperStore
3264,SuperStore
3265,SuperStore
3266,SuperStore
3267,SuperStore
3268,SuperStore
3269,SuperStore
3270,SuperStore
3271,SuperStore
3272,SuperStore
3273,SuperStore
3274,SuperStore
3275,SuperStore
3276,SuperStore
3277,SuperStore
3278,SuperStore
3279,SuperStore
3280,SuperStore
3281,SuperStore
3282,SuperStore
3283,SuperStore
3285,SuperStore
3286,SuperStore
3287,SuperStore
3288,SuperStore
3289,SuperStore
3290,SuperStore
3291,SuperStore
3292,SuperStore
3293,SuperStore
3294,SuperStore
3296,SuperStore
3297,SuperStore
3299,SuperStore
3300,SuperStore
3301,SuperStore
3302,SuperStore
3304,SuperStore
3305,SuperStore
3306,SuperStore
3309,SuperStore
3310,SuperStore
3311,SuperStore
3312,SuperStore
3313,SuperStore
3314,SuperStore
3315,SuperStore
3316,SuperStore
3317,SuperStore
3318,SuperStore
3319,SuperStore
3320,SuperStore
3321,SuperStore
3322,SuperStore
3323,SuperStore
3324,SuperStore
3325,SuperStore
3326,SuperStore
3327,SuperStore
3328,SuperStore
3329,SuperStore
3330,SuperStore
3331,SuperStore
3332,SuperStore
3333,SuperStore
3334,SuperStore
3335,SuperStore
3337,SuperStore
3338,SuperStore
3339,SuperStore
3340,SuperStore
3341,SuperStore
3342,SuperStore
3343,SuperStore
3344,SuperStore
3345,SuperStore
3347,SuperStore
3348,SuperStore
3349,SuperStore
3350,SuperStore
3351,SuperStore
3352,SuperStore
3354,SuperStore
3355,SuperStore
3357,SuperStore
3358,SuperStore
3359,SuperStore
3360,SuperStore
3361,SuperStore
3362,SuperStore
3364,SuperStore
3365,SuperStore
3366,SuperStore
3367,SuperStore
3368,SuperStore
3369,SuperStore
3371,SuperStore
3372,SuperStore
3373,SuperStore
3374,SuperStore
3375,SuperStore
3376,SuperStore
3377,SuperStore
3378,SuperStore
3380,SuperStore
3381,SuperStore
3382,SuperStore
3383,SuperStore
3384,SuperStore
3385,SuperStore
3386,SuperStore
3387,SuperStore
3388,SuperStore
3389,SuperStore
3390,SuperStore
3391,SuperStore
3392,SuperStore
3393,SuperStore
3394,SuperStore
3395,SuperStore
3396,SuperStore
3397,SuperStore
3398,SuperStore
3399,SuperStore
3400,SuperStore
3403,SuperStore
3404,SuperStore
3405,SuperStore
3406,SuperStore
3408,SuperStore
3409,SuperStore
3410,SuperStore
3411,SuperStore
3412,SuperStore
3413,SuperStore
3414,SuperStore
3415,SuperStore
3416,SuperStore
3417,SuperStore
3418,SuperStore
3419,SuperStore
3420,SuperStore
3421,SuperStore
3422,SuperStore
3423,SuperStore
3424,SuperStore
3425,SuperStore
3426,SuperStore
3430,SuperStore
3431,SuperStore
3432,SuperStore
3433,SuperStore
3434,SuperStore
3435,SuperStore
3436,SuperStore
3437,SuperStore
3438,SuperStore
3439,SuperStore
3440,SuperStore
3441,SuperStore
3442,SuperStore
3443,SuperStore
3444,SuperStore
3445,SuperStore
3446,SuperStore
3448,SuperStore
3449,SuperStore
3450,SuperStore
3451,SuperStore
3452,SuperStore
3453,SuperStore
3454,SuperStore
3456,SuperStore
3457,SuperStore
3458,SuperStore
3459,SuperStore
3460,SuperStore
3461,SuperStore
3462,SuperStore
3463,SuperStore
3464,SuperStore
3466,SuperStore
3467,SuperStore
3468,SuperStore
3469,SuperStore
3471,SuperStore
3473,SuperStore
3474,SuperStore
3475,SuperStore
3477,SuperStore
3478,SuperStore
3479,SuperStore
3481,SuperStore
3482,SuperStore
3484,SuperStore
3485,SuperStore
3486,SuperStore
3487,SuperStore
3488,SuperStore
3489,SuperStore
3491,SuperStore
3492,SuperStore
3493,SuperStore
3494,SuperStore
3495,SuperStore
3496,SuperStore
3497,SuperStore
3498,SuperStore
3499,SuperStore
3500,SuperStore
3501,SuperStore
3503,SuperStore
3504,SuperStore
3506,SuperStore
3507,SuperStore
3508,SuperStore
3509,SuperStore
3510,SuperStore
3511,SuperStore
3512,SuperStore
3513,SuperStore
3514,SuperStore
3515,SuperStore
3516,SuperStore
3517,SuperStore
3518,SuperStore
3519,SuperStore
3520,SuperStore
3521,SuperStore
3523,SuperStore
3524,SuperStore
3525,SuperStore
3527,SuperStore
3528,SuperStore
3529,SuperStore
3533,SuperStore
3534,SuperStore
3535,SuperStore
3536,SuperStore
3537,SuperStore
3538,SuperStore
3539,SuperStore
3540,SuperStore
3541,SuperStore
3542,SuperStore
3543,SuperStore
3545,SuperStore
3546,SuperStore
3547,SuperStore
3550,SuperStore
3551,SuperStore
3552,SuperStore
3553,SuperStore
3555,SuperStore
3556,SuperStore
3557,SuperStore
3558,SuperStore
3559,SuperStore
3560,SuperStore
3563,SuperStore
3565,SuperStore
3566,SuperStore
3567,SuperStore
3568,SuperStore
3570,SuperStore
3571,SuperStore
3572,SuperStore
3573,SuperStore
3575,SuperStore
3577,SuperStore
3578,SuperStore
3580,SuperStore
3581,SuperStore
3582,SuperStore
3584,SuperStore
3585,SuperStore
3586,SuperStore
3587,SuperStore
3588,SuperStore
3589,SuperStore
3591,SuperStore
3592,SuperStore
3593,SuperStore
3594,SuperStore
3595,SuperStore
3596,SuperStore
3597,SuperStore
3598,SuperStore
3599,SuperStore
3600,SuperStore
3601,SuperStore
3602,SuperStore
3603,SuperStore
3604,SuperStore
3605,SuperStore
3607,SuperStore
3608,SuperStore
3609,SuperStore
3610,SuperStore
3611,SuperStore
3612,SuperStore
3613,SuperStore
3614,SuperStore
3615,SuperStore
3619,SuperStore
3620,SuperStore
3621,SuperStore
3623,SuperStore
3624,SuperStore
3625,SuperStore
3626,SuperStore
3627,SuperStore
3628,SuperStore
3629,SuperStore
3630,SuperStore
3631,SuperStore
3632,SuperStore
3634,SuperStore
3635,SuperStore
3638,SuperStore
3639,SuperStore
3640,SuperStore
3641,SuperStore
3642,SuperStore
3643,SuperStore
3644,SuperStore
3645,SuperStore
3646,SuperStore
3647,SuperStore
3648,SuperStore
3650,SuperStore
3651,SuperStore
3652,SuperStore
3656,SuperStore
3657,SuperStore
3658,SuperStore
3659,SuperStore
3660,SuperStore
3661,SuperStore
3662,SuperStore
3663,SuperStore
3664,SuperStore
3665,SuperStore
3666,SuperStore
3667,SuperStore
3668,SuperStore
3669,SuperStore
3670,SuperStore
3672,SuperStore
3673,SuperStore
3674,SuperStore
3675,SuperStore
3676,SuperStore
3677,SuperStore
3678,SuperStore
3680,SuperStore
3681,SuperStore
3682,SuperStore
3683,SuperStore
3684,SuperStore
3685,SuperStore
3686,SuperStore
3687,SuperStore
3691,SuperStore
3693,SuperStore
3694,SuperStore
3695,SuperStore
3696,SuperStore
3697,SuperStore
3698,SuperStore
3699,SuperStore
3700,SuperStore
3701,SuperStore
3702,SuperStore
3704,SuperStore
3706,SuperStore
3707,SuperStore
3708,SuperStore
3709,SuperStore
3710,SuperStore
3711,SuperStore
3712,SuperStore
3713,SuperStore
3714,SuperStore
3715,SuperStore
3716,SuperStore
3717,SuperStore
3718,SuperStore
3719,SuperStore
3720,SuperStore
3721,SuperStore
3722,SuperStore
3723,SuperStore
3724,SuperStore
3725,SuperStore
3726,SuperStore
3728,SuperStore
3729,SuperStore
3730,SuperStore
3731,SuperStore
3732,SuperStore
3733,SuperStore
3734,SuperStore
3735,SuperStore
3736,SuperStore
3737,SuperStore
3738,SuperStore
3739,SuperStore
3740,SuperStore
3742,SuperStore
3743,SuperStore
3744,SuperStore
3745,SuperStore
3746,SuperStore
3747,SuperStore
3748,SuperStore
3750,SuperStore
3751,SuperStore
3752,SuperStore
3753,SuperStore
3754,SuperStore
3756,SuperStore
3757,SuperStore
3758,SuperStore
3759,SuperStore
3760,SuperStore
3761,SuperStore
3762,SuperStore
3763,SuperStore
3764,SuperStore
3765,SuperStore
3766,SuperStore
3767,SuperStore
3768,SuperStore
3769,SuperStore
3770,SuperStore
3771,SuperStore
3772,SuperStore
3773,SuperStore
3776,SuperStore
3777,SuperStore
3778,SuperStore
3779,SuperStore
3780,SuperStore
3781,SuperStore
3783,SuperStore
3784,SuperStore
3785,SuperStore
3787,SuperStore
3788,SuperStore
3789,SuperStore
3790,SuperStore
3791,SuperStore
3792,SuperStore
3793,SuperStore
3794,SuperStore
3795,SuperStore
3796,SuperStore
3797,SuperStore
3798,SuperStore
3801,SuperStore
3802,SuperStore
3803,SuperStore
3804,SuperStore
3805,SuperStore
3806,SuperStore
3807,SuperStore
3808,SuperStore
3810,SuperStore
3811,SuperStore
3813,SuperStore
3814,SuperStore
3815,SuperStore
3816,SuperStore
3817,SuperStore
3818,SuperStore
3819,SuperStore
3820,SuperStore
3821,SuperStore
3822,SuperStore
3823,SuperStore
3824,SuperStore
3825,SuperStore
3826,SuperStore
3827,SuperStore
3829,SuperStore
3830,SuperStore
3831,SuperStore
3832,SuperStore
3833,SuperStore
3834,SuperStore
3836,SuperStore
3837,SuperStore
3838,SuperStore
3839,SuperStore
3840,SuperStore
3841,SuperStore
3842,SuperStore
3845,SuperStore
3846,SuperStore
3847,SuperStore
3849,SuperStore
3850,SuperStore
3851,SuperStore
3852,SuperStore
3853,SuperStore
3854,SuperStore
3855,SuperStore
3856,SuperStore
3857,SuperStore
3858,SuperStore
3859,SuperStore
3861,SuperStore
3862,SuperStore
3863,SuperStore
3864,SuperStore
3865,SuperStore
3866,SuperStore
3867,SuperStore
3868,SuperStore
3869,SuperStore
3870,SuperStore
3872,SuperStore
3873,SuperStore
3874,SuperStore
3876,SuperStore
3877,SuperStore
3878,SuperStore
3879,SuperStore
3880,SuperStore
3881,SuperStore
3882,SuperStore
3883,SuperStore
3884,SuperStore
3885,SuperStore
3886,SuperStore
3888,SuperStore
3889,SuperStore
3890,SuperStore
3891,SuperStore
3892,SuperStore
3893,SuperStore
3894,SuperStore
3895,SuperStore
3896,SuperStore
3897,SuperStore
3898,SuperStore
3899,SuperStore
3900,SuperStore
3901,SuperStore
3903,SuperStore
3904,SuperStore
3905,SuperStore
3906,SuperStore
3907,SuperStore
3908,SuperStore
3909,SuperStore
3910,SuperStore
3911,SuperStore
3912,SuperStore
3913,SuperStore
3915,SuperStore
3916,SuperStore
3917,SuperStore
3918,SuperStore
3919,SuperStore
3920,SuperStore
3921,SuperStore
3922,SuperStore
3924,SuperStore
3925,SuperStore
3926,SuperStore
3927,SuperStore
3928,SuperStore
3929,SuperStore
3930,SuperStore
3931,SuperStore
3932,SuperStore
3934,SuperStore
3935,SuperStore
3936,SuperStore
3937,SuperStore
3938,SuperStore
3940,SuperStore
3941,SuperStore
3942,SuperStore
3943,SuperStore
3944,SuperStore
3945,SuperStore
3946,SuperStore
3947,SuperStore
3948,SuperStore
3949,SuperStore
3950,SuperStore
3951,SuperStore
3952,SuperStore
3955,SuperStore
3956,SuperStore
3957,SuperStore
3958,SuperStore
3960,SuperStore
3961,SuperStore
3962,SuperStore
3964,SuperStore
3965,SuperStore
3966,SuperStore
3967,SuperStore
3968,SuperStore
3969,SuperStore
3970,SuperStore
3971,SuperStore
3972,SuperStore
3973,SuperStore
3974,SuperStore
3977,SuperStore
3978,SuperStore
3979,SuperStore
3980,SuperStore
3983,SuperStore
3984,SuperStore
3985,SuperStore
3986,SuperStore
3987,SuperStore
3988,SuperStore
3989,SuperStore
3990,SuperStore
3992,SuperStore
3993,SuperStore
3994,SuperStore
3995,SuperStore
3996,SuperStore
3997,SuperStore
3998,SuperStore
3999,SuperStore
4000,SuperStore
4001,SuperStore
4002,SuperStore
4003,SuperStore
4004,SuperStore
4006,SuperStore
4007,SuperStore
4008,SuperStore
4009,SuperStore
4010,SuperStore
